name,governmentId,email,debtAmount,debtDueDate,debtId
Lock Northedge,65039481579,lnorthedge78@statcounter.com,9303.37,2023-04-20,1019
Lloyd O' Borne,63051510859,lo3s@dmoz.org,217905.79,2023-04-27,1053
Florie Durak,15012647269,fdurak59@arizona.edu,266219.28,2023-04-27,1055
Verney Bartels-Ellis,58228528325,vbartelsellis11@issuu.com,235355.29,2023-04-20,1062
Elnore Iddison,53416280135,eiddisono2@dailymail.co.uk,134333.19,2023-04-27,1065
Guillermo Bertl,92583764439,gbertlmw@discuz.net,216270.82,2023-04-20,1076
Shela O'Dowling,10023308691,sodowlingiu@linkedin.com,71277.23,2023-04-27,1085
Kipp Roller,90255399201,krolleraq@dyndns.org,225521.82,2023-04-28,1089
Rafaelia Wigg,82541069480,rwiggck@zimbio.com,182256.94,2023-04-21,1096
Borden Viegas,64303846223,bviegas6g@europa.eu,129680.95,2023-04-27,1102
Norene Veeler,95777348199,nveelerhl@skyrock.com,182047.36,2023-04-28,1118
Nikolos Jacop,90975340999,njacopos@ibm.com,221796.99,2023-04-21,1138
Bryanty Luttgert,4435985505,bluttgert5m@imageshack.us,317421.46,2023-04-20,1143
Noni Lemm,70179488998,nlemm72@4shared.com,150357.84,2023-04-27,1146
Helyn Haverty,33577977969,hhavertyi0@chron.com,171198.60,2023-04-28,1148
Buck Gathercole,56557268715,bgathercoleke@virginia.edu,232225.77,2023-04-27,1168
Felike Wignall,77792311738,fwignall6b@sfgate.com,231833.29,2023-04-27,1172
Rahal Brok,20191653725,rbrokna@eventbrite.com,151193.32,2023-04-20,1182
Andros Whitaker,54371014017,awhitaker5y@squarespace.com,232512.54,2023-04-20,1184
Fey Cattel,99941246512,fcattel9h@wikia.com,11152.05,2023-04-20,1191
Nealson Emson,22139795076,nemsonpk@wikimedia.org,173410.60,2023-04-27,1201
Yule Brazelton,39308235986,ybrazeltonll@java.com,257170.63,2023-04-28,1225
Bord Oldnall,55578161751,boldnallnb@hatena.ne.jp,306028.91,2023-04-28,1230
Melessa Grimsdell,54135209318,mgrimsdell2l@smh.com.au,168966.33,2023-04-27,1261
Emlynne Marcq,32945712906,emarcq79@toplist.cz,296519.04,2023-04-20,1269
Egbert Nelissen,70625456184,enelissenpc@thetimes.co.uk,250690.11,2023-04-21,1276
Alex Bolduc,33476556720,abolduclr@eepurl.com,231619.60,2023-04-20,1302
Sileas Southcoat,16855222440,ssouthcoat22@ebay.co.uk,67192.21,2023-04-21,1304
Allistir Matignon,99093999099,amatignonko@examiner.com,120767.62,2023-04-20,1307
Moshe Appleford,36674460776,mapplefordnn@yolasite.com,223200.65,2023-04-28,1326
Tamera Courtman,58801396001,tcourtmana4@slate.com,259724.50,2023-04-21,1327
Kathryn Blankett,19322754003,kblankett48@github.io,215786.31,2023-04-20,1372
Ysabel Lesslie,17095970158,ylesslieff@redcross.org,205881.99,2023-04-20,1377
Tann Mosdell,44880231340,tmosdell55@dion.ne.jp,103110.64,2023-04-21,1379
Eda Applegate,76792248638,eapplegateen@imageshack.us,142649.09,2023-04-27,1379
Juliet Wakely,5162608185,jwakelykv@craigslist.org,46504.43,2023-04-21,1382
Rafaelita Durtnall,86532887261,rdurtnallql@wunderground.com,66858.11,2023-04-27,1385
Port McAllan,37845413376,pmcallan4s@sohu.com,212428.31,2023-04-27,1386
Alexio Nuemann,88322138800,anuemannar@nature.com,151794.85,2023-04-27,1388
Loria Ceschini,31569668867,lceschinijy@myspace.com,39614.07,2023-04-28,1395
Jewelle Sibary,93972403832,jsibary5c@goo.gl,230743.04,2023-04-20,1415
Camile Willmore,83109973084,cwillmore6c@t.co,224995.36,2023-04-28,1431
Kort Durdle,89526813468,kdurdle9y@house.gov,234860.37,2023-04-20,1434
Gabie Yushachkov,57554318582,gyushachkovk1@rakuten.co.jp,332285.24,2023-04-20,1438
Isadore Stilwell,27151117391,istilwelll2@barnesandnoble.com,143441.19,2023-04-21,1449
Maureen Dumke,51318562468,mdumkew@sina.com.cn,157414.45,2023-04-27,1450
Brocky Thyer,85031969241,bthyer5o@macromedia.com,96525.67,2023-04-20,1461
Alwyn Endricci,85528560905,aendricci5q@tinypic.com,33847.45,2023-04-20,1464
Cordelie Torfin,11541507622,ctorfin5f@blogs.com,122650.31,2023-04-21,1471
Skippy Radborn,67136237406,sradborn12@redcross.org,169072.26,2023-04-27,1524
Lara Gommowe,85273845715,lgommoweh1@plala.or.jp,20462.01,2023-04-28,1526
Susy Barwise,88139046815,sbarwise89@google.fr,25726.53,2023-04-20,1535
Ealasaid Labon,78358276200,elabon7u@g.co,278026.77,2023-04-27,1540
Kevin Vasnetsov,41767753588,kvasnetsovk3@discovery.com,232043.61,2023-04-21,1546
Delila McIllroy,53706081471,dmcillroyh9@is.gd,42347.81,2023-04-27,1551
Mar Kenton,44033606896,mkentonea@about.me,166669.44,2023-04-27,1557
Edie Gillicuddy,87379896528,egillicuddyq2@tinyurl.com,123839.03,2023-04-21,1560
Kenon Mollene,99458759402,kmollenege@slashdot.org,15304.50,2023-04-28,1564
Erastus Lamshead,30062130209,elamsheadre@booking.com,184659.27,2023-04-20,1568
Parker Catherall,48618676034,pcatherall13@e-recht24.de,212277.53,2023-04-28,1570
Constantina Basham,69388783476,cbashamcr@un.org,115040.93,2023-04-27,1570
Davida Schutt,98204521418,dschutte7@tumblr.com,114727.71,2023-04-27,1591
Deana Skains,67773057019,dskains60@hud.gov,199207.73,2023-04-21,1593
Prent Baxter,74805362693,pbaxterj5@hatena.ne.jp,42805.24,2023-04-27,1624
Bartram Oughtright,43871206763,boughtrightp8@fotki.com,177742.24,2023-04-20,1624
Ardyth Windle,754062791,awindlepg@theglobeandmail.com,213567.39,2023-04-27,1634
Ddene Madgin,77617931960,dmadgin51@networksolutions.com,293284.70,2023-04-21,1641
Vilhelmina Fozard,91790226563,vfozardnw@squarespace.com,211080.01,2023-04-21,1655
Berrie Barszczewski,41514114102,bbarszczewskiml@over-blog.com,248733.25,2023-04-20,1664
Myrah Bartlosz,10641430616,mbartloszcq@bizjournals.com,301691.89,2023-04-20,1674
Stanton Gallahar,43335310382,sgallaharaw@trellian.com,173894.30,2023-04-21,1680
Vivyanne Muffen,33881809741,vmuffenbs@seesaa.net,95616.13,2023-04-20,1683
Win Alcalde,91391697664,walcaldeg@foxnews.com,124158.72,2023-04-20,1688
Janaye Rivaland,37012102437,jrivalandrg@ibm.com,274683.57,2023-04-28,1706
Lyndsey Link,3505492990,llinkrd@npr.org,140246.24,2023-04-20,1715
Valerie McKern,1182221075,vmckernqa@yelp.com,319818.70,2023-04-20,1717
Emlen Broggio,46162513216,ebroggio8o@admin.ch,114958.46,2023-04-21,1724
Gilberto Gremain,14686903088,ggremaincz@naver.com,260609.53,2023-04-27,1728
Nevins Cicco,94511230405,ncicco5w@deliciousdays.com,229677.02,2023-04-28,1741
Corissa MacMenamin,65088082552,cmacmenamin76@miibeian.gov.cn,190638.18,2023-04-21,1750
Gavrielle Tripp,34063015445,gtrippjo@merriam-webster.com,253000.85,2023-04-28,1769
Roman Hebditch,46117552315,rhebditchlw@youku.com,38536.39,2023-04-20,1772
Lyndell Scullion,11597521790,lscullionlh@printfriendly.com,243255.95,2023-04-28,1787
Ian Breukelman,51708055027,ibreukelman6l@technorati.com,265222.52,2023-04-20,1789
Hazel Langdridge,80748775162,hlangdridgeqn@symantec.com,248427.33,2023-04-20,1793
Donella Klugman,90383239792,dklugmanoc@wiley.com,311570.31,2023-04-28,1800
Kandy Jaquin,95806421347,kjaquinpm@scribd.com,250791.33,2023-04-28,1812
Kaile Keates,6449613029,kkeates9m@redcross.org,282470.98,2023-04-28,1818
Morley Alderson,41587410423,maldersont@xinhuanet.com,71085.53,2023-04-27,1829
Fremont Frow,86176086667,ffrowit@xing.com,259203.64,2023-04-21,1835
Jemmie Laville,47670787764,jlaville42@phpbb.com,238023.33,2023-04-20,1841
Enriqueta Beeke,62932499767,ebeekemx@wsj.com,79127.33,2023-04-20,1842
Annemarie Elster,78549780221,aelsterdz@google.co.uk,111064.48,2023-04-20,1849
Elnar Josephoff,11033302856,ejosephoffe4@tmall.com,18764.65,2023-04-20,1852
Ted O'Cleary,66077919009,toclearyv@marketwatch.com,191490.17,2023-04-20,1857
Abelard Janeway,24801834056,ajaneway81@bloglines.com,263385.54,2023-04-20,1860
Hayley Walliker,7119482200,hwallikerlb@pcworld.com,199184.42,2023-04-20,1860
Hermann Gellier,73813888363,hgellierfx@sfgate.com,178709.24,2023-04-20,1864
Adoree Bogays,26680495028,abogaysm8@joomla.org,116216.46,2023-04-21,1865
Zachariah Lorenzo,84231806840,zlorenzo4d@barnesandnoble.com,170306.84,2023-04-21,1871
Liane Baxter,22980811291,lbaxter61@a8.net,138258.44,2023-04-28,1882
Orbadiah Torry,42638531312,otorryqg@taobao.com,160544.59,2023-04-20,1891
Moise Gladwish,77819144791,mgladwishnx@yolasite.com,313880.57,2023-04-28,1897
Sylas Winmill,98840659861,swinmilli2@state.tx.us,246984.80,2023-04-27,1911
Rosalind Lenoir,6325358598,rlenoirp4@prweb.com,197296.06,2023-04-20,1917
Barbe Hayhurst,4022308916,bhayhurst4z@wikipedia.org,241625.92,2023-04-21,1920
Zack Tease,66294560719,ztease8q@paginegialle.it,289581.41,2023-04-27,1928
Harriet O'Shields,61457443056,hoshieldsc5@wiley.com,328898.71,2023-04-21,1928
Florri Swarbrigg,35524464484,fswarbriggjq@hubpages.com,128379.80,2023-04-20,1933
Cinderella Dreinan,63208265024,cdreinanqt@webmd.com,58708.91,2023-04-21,1940
Brandy Flacknell,99044308287,bflacknellhv@spotify.com,264282.75,2023-04-27,1947
Algernon Fifield,3396341399,afifieldb4@skype.com,38199.47,2023-04-21,1958
Tine Samarth,97205920737,tsamartha@google.pl,83020.62,2023-04-21,1968
Melania Sheddan,20887927202,msheddancf@twitter.com,59253.47,2023-04-20,1972
Corrie Lanney,92715047929,clanneypq@europa.eu,233568.93,2023-04-21,1976
Diane Rookesby,40009249251,drookesby3i@toplist.cz,203735.89,2023-04-27,1977
Ki Matzl,27358629176,kmatzl3l@is.gd,276514.16,2023-04-27,1984
Erastus Willmett,36030010565,ewillmettk2@unblog.fr,312014.74,2023-04-27,1997
Lambert Bowmaker,5091201800,lbowmaker1o@miitbeian.gov.cn,88614.51,2023-04-27,2002
Dan Buglass,92346643599,dbuglassbr@imageshack.us,148729.72,2023-04-21,2008
Jana Malkinson,28193738765,jmalkinsongl@dailymotion.com,50808.38,2023-04-20,2010
Dorisa Gurnell,56541981077,dgurnellly@spiegel.de,267646.70,2023-04-27,2012
Josey Chadburn,78184400691,jchadburn6y@huffingtonpost.com,218671.50,2023-04-27,2013
Alick Stops,35653445271,astopsqc@vistaprint.com,249508.68,2023-04-20,2018
Donnamarie Jarrad,11430236241,djarraddh@senate.gov,135321.20,2023-04-28,2020
Griswold Welchman,56434773100,gwelchmankt@ft.com,11576.64,2023-04-28,2026
Theresita Deware,83339898296,tdewarenz@ucla.edu,276090.61,2023-04-21,2028
Cherlyn Fackney,21906904204,cfackney7b@canalblog.com,108075.92,2023-04-27,2035
Sofie Imesson,6877455455,simessonrh@si.edu,265996.48,2023-04-21,2044
Dolley Paunton,16570967971,dpauntonjl@phpbb.com,144701.05,2023-04-27,2058
Mano Branford,5889745837,mbranfordkq@51.la,36073.68,2023-04-27,2058
Gabriel Keiley,72110449585,gkeileylv@deviantart.com,131742.43,2023-04-21,2060
Tamera Lamas,60481986238,tlamas3c@businessinsider.com,226539.37,2023-04-21,2064
Gibby Joire,84303916718,gjoirelm@mozilla.com,213477.18,2023-04-20,2065
Rustie O'Dempsey,2822113408,rodempseyq7@china.com.cn,139470.10,2023-04-28,2066
Dominik Baker,88618311768,dbakerkp@time.com,321720.89,2023-04-20,2071
Thadeus Baise,87040590145,tbaise43@blogs.com,261143.33,2023-04-27,2078
Justinian Rickerby,18143762832,jrickerby1b@redcross.org,128797.30,2023-04-27,2083
Jenelle Bresner,12412950633,jbresnerdp@blogspot.com,34409.66,2023-04-20,2095
Leeland Mark,78878375331,lmarkn9@va.gov,114736.72,2023-04-28,2097
Nathanial Aubery,87653198558,naubery26@jiathis.com,278474.66,2023-04-21,2100
Regan Rummery,97492092238,rrummeryk5@cisco.com,283782.77,2023-04-21,2116
Odetta Spenclay,16600000345,ospenclayhx@posterous.com,292838.26,2023-04-21,2133
Damita Gorwood,7278838474,dgorwood20@vistaprint.com,8578.27,2023-04-20,2149
Juanita Sands-Allan,24112031637,jsandsallan9g@eventbrite.com,275099.44,2023-04-27,2157
Lotty Rayer,16283137515,lrayergq@qq.com,266179.53,2023-04-20,2159
Ruby Robbings,62284530388,rrobbingslt@europa.eu,154464.29,2023-04-21,2166
Gorden Viggars,36600267246,gviggars7r@meetup.com,61944.97,2023-04-27,2168
Nicoli Gyurko,21506610384,ngyurkoee@friendfeed.com,154194.20,2023-04-21,2179
Salvidor Radden,61556956478,sradden4x@rakuten.co.jp,308160.42,2023-04-27,2182
Nanice Tarbox,82193311215,ntarbox5h@flickr.com,35829.54,2023-04-28,2203
Sukey Jaqueme,18246924283,sjaquemeo7@alibaba.com,206241.53,2023-04-20,2228
Emmi Rosenbaum,86726814001,erosenbaumay@newsvine.com,158102.58,2023-04-28,2246
Meyer Beaument,3502907929,mbeaumenta7@domainmarket.com,197193.70,2023-04-27,2260
Tommie Sidebotham,5451616060,tsidebotham1g@hao123.com,57561.82,2023-04-20,2269
Elvera Heatley,90086832738,eheatleyis@umn.edu,256671.93,2023-04-21,2277
Nathanael Lipman,13452305276,nlipman7k@aol.com,36725.42,2023-04-27,2279
Nicko Di Giacomo,18370858946,ndi7o@usda.gov,95057.74,2023-04-20,2281
Kelly Antrag,21871327333,kantrag97@netlog.com,159057.41,2023-04-20,2286
Constancy Tacey,3052623708,ctacey9q@squarespace.com,165001.90,2023-04-27,2289
Gaile Cattermull,66563106932,gcattermull1@pcworld.com,165119.82,2023-04-28,2306
Budd Dofty,44829280368,bdoftyo6@spiegel.de,101606.95,2023-04-21,2308
Karlee East,88535597019,keast6s@huffingtonpost.com,324667.93,2023-04-27,2312
Homere Trunks,66277698651,htrunksku@ezinearticles.com,293374.72,2023-04-28,2312
Beverly Chipping,19624570641,bchippingfz@paypal.com,118041.75,2023-04-28,2338
Darleen Porritt,80720819027,dporrittj0@howstuffworks.com,201245.42,2023-04-27,2343
Leoine Sagg,69065623335,lsagg5p@netvibes.com,37563.82,2023-04-20,2347
Serene Begley,1751719828,sbegleyew@aol.com,37051.73,2023-04-28,2347
Cassondra Sketch,62144844459,csketch5r@businessweek.com,196442.53,2023-04-20,2354
Verge Cundict,16770494407,vcundict37@walmart.com,330054.60,2023-04-21,2363
Vaughan M'Chirrie,95340516147,vmchirrie8i@nsw.gov.au,113374.76,2023-04-21,2368
Melicent Edgeller,88971772666,medgellerba@edublogs.org,87903.68,2023-04-28,2369
Danita McCloughlin,9488623629,dmccloughlinoi@typepad.com,142415.16,2023-04-20,2379
Suzanna Everleigh,89208042783,severleighe3@xinhuanet.com,226514.47,2023-04-20,2382
Laurens Caustic,80493845808,lcaustic30@nbcnews.com,247084.49,2023-04-20,2383
Cherrita Lawee,56120044716,claweegf@intel.com,323468.57,2023-04-28,2393
Egbert Klemke,39584079179,eklemkelz@reddit.com,249807.93,2023-04-20,2399
Ilyssa Abel,14115757401,iabelfq@guardian.co.uk,250924.58,2023-04-27,2410
Mattie Caldaro,7583120001,mcaldaroq1@wikispaces.com,40063.33,2023-04-27,2414
Saul Bache,63799349089,sbachejd@plala.or.jp,228128.52,2023-04-21,2420
Tim Fairs,3566801261,tfairs8h@lulu.com,252597.01,2023-04-21,2424
Vi Clarson,65910672105,vclarsong8@delicious.com,150801.53,2023-04-27,2433
Georgetta Vequaud,20708240857,gvequauddg@quantcast.com,107974.20,2023-04-27,2472
Gerick Worsnop,64543086615,gworsnop47@nps.gov,99660.53,2023-04-27,2484
Rorie Sale,1166188977,rsalec6@cdc.gov,88467.78,2023-04-27,2484
Mercy Messam,77179982119,mmessamfl@smh.com.au,43887.63,2023-04-21,2484
Jarrid Cragell,73305868302,jcragellgw@squarespace.com,220540.38,2023-04-28,2503
Wynn Stopforth,40406876149,wstopforthhs@bigcartel.com,166428.22,2023-04-21,2527
Theadora Fronks,96203209779,tfronksh8@jiathis.com,301718.97,2023-04-28,2553
Norton Dillingham,58563499207,ndillingham8k@pen.io,76945.23,2023-04-21,2554
Zechariah Soaper,44147144238,zsoaperbg@cnet.com,281784.08,2023-04-27,2561
Jefferey Kordova,75253688110,jkordovaoz@about.me,134279.43,2023-04-21,2562
Ruthi Yvon,16279898430,ryvone2@parallels.com,5682.17,2023-04-27,2563
Wolfy Darree,81044430712,wdarree3q@ning.com,193757.61,2023-04-21,2570
Jennifer Storres,10065481819,jstorresk6@edublogs.org,234471.51,2023-04-21,2570
Carline Almack,90350946934,calmackl0@aol.com,167891.10,2023-04-28,2578
Zebulon McKintosh,21322256448,zmckintoshjs@wisc.edu,12015.71,2023-04-21,2600
Lani Giral,52241626646,lgiraldl@ifeng.com,222919.28,2023-04-20,2618
Derry Cornelleau,633451058,dcornelleau4y@t-online.de,269252.45,2023-04-27,2619
Karisa Bienvenu,12204641541,kbienvenus@blogtalkradio.com,188814.58,2023-04-27,2652
Cynthia Canwell,53951318479,ccanwellk4@prnewswire.com,34144.86,2023-04-28,2654
Christoffer Guyton,3448793345,cguytonht@sciencedaily.com,101530.35,2023-04-28,2659
Piotr Atack,91073133063,patackka@seesaa.net,308180.74,2023-04-28,2676
Eulalie Bremeyer,97891919499,ebremeyerbe@state.tx.us,86850.75,2023-04-20,2681
Fleur Tabart,78573136750,ftabartod@engadget.com,28432.41,2023-04-21,2692
Frederic Libbe,70201528628,flibbemd@cpanel.net,263768.18,2023-04-20,2699
Kevina Burkinshaw,23098262084,kburkinshaw3k@amazonaws.com,314316.27,2023-04-28,2720
Johan Zanardii,44260436716,jzanardiifr@eventbrite.com,98845.28,2023-04-28,2778
Iver Mayling,95672825742,imayling71@google.fr,100589.68,2023-04-20,2789
Vale Novotna,42567653023,vnovotnah7@freewebs.com,179512.06,2023-04-21,2797
Aviva Christy,8902086096,achristyrb@gmpg.org,39329.82,2023-04-21,2809
Sigfrid Chyuerton,4016036398,schyuerton41@constantcontact.com,195862.13,2023-04-20,2815
Gabi Celler,34469887742,gceller9f@behance.net,8557.45,2023-04-28,2818
Pollyanna Giacobo,87215124115,pgiacobo2s@msn.com,49652.82,2023-04-27,2824
Madelena Peter,52806204068,mpeterde@unicef.org,84892.99,2023-04-20,2826
Katina Kielt,27817478978,kkielt1d@ebay.co.uk,238465.70,2023-04-27,2828
Coriss Lenaghen,873990983,clenaghenet@typepad.com,286783.38,2023-04-20,2828
Dot Vooght,21792604354,dvooghtds@newyorker.com,79049.96,2023-04-20,2854
Teressa Rosso,30219210111,trossor6@redcross.org,148701.10,2023-04-21,2855
Karna Brazur,15255091039,kbrazurln@opera.com,331658.37,2023-04-21,2874
Archaimbaud Frank,70332428221,afrankdj@angelfire.com,273480.86,2023-04-20,2879
Lief Hedde,92532406505,lhedde6@thetimes.co.uk,209248.51,2023-04-27,2926
Vonnie Donnell,46364018361,vdonnellnr@fema.gov,267284.01,2023-04-20,2942
Isidora Gadie,91494633460,igadier0@prlog.org,187365.30,2023-04-28,2946
Barron McGrudder,8575591400,bmcgruddern0@sitemeter.com,270611.11,2023-04-27,2951
Arturo Greenside,65409551390,agreensideor@goo.ne.jp,128650.42,2023-04-20,2957
Cindi Daen,98124773187,cdaen67@berkeley.edu,303759.52,2023-04-20,2958
Britney Spalton,82639204933,bspaltongd@intel.com,68719.67,2023-04-20,2959
Anselma Amy,18873282038,aamy32@amazon.de,226623.47,2023-04-20,2963
Kerwinn Pettengell,61645707209,kpettengellg3@booking.com,18980.10,2023-04-21,2965
Dallis Ebbage,21310161504,debbagegs@europa.eu,311740.30,2023-04-20,2966
Tarrah Jarrette,98319699240,tjarretterj@prlog.org,256899.47,2023-04-28,2986
Tomasine Curtiss,53715981870,tcurtissdr@upenn.edu,158774.17,2023-04-20,3015
Chrystel Apps,90811547254,cappspx@desdev.cn,256874.72,2023-04-21,3031
Stace Cowdray,77742103190,scowdrayr1@issuu.com,320184.71,2023-04-21,3033
Christoffer Sturge,64862003953,csturgeqz@kickstarter.com,101504.01,2023-04-21,3038
Kalie Aslum,5561665173,kaslumx@alibaba.com,86702.72,2023-04-20,3047
Nicky Surgener,3490413725,nsurgenerns@buzzfeed.com,310498.04,2023-04-20,3047
Rosaleen Wadesworth,13288051164,rwadesworthd9@unc.edu,113938.15,2023-04-27,3059
Ethelin Legier,92007134189,elegierk@pen.io,64517.35,2023-04-27,3061
Siana Gilbert,46739943728,sgilbert8w@cbslocal.com,262483.56,2023-04-28,3062
Tania Baldin,10993888564,tbaldinnc@icio.us,230607.96,2023-04-27,3062
Oberon D'Ambrosio,33764920319,odambrosior7@yahoo.com,320132.62,2023-04-27,3066
Tressa Domone,49617556484,tdomone9o@technorati.com,120134.89,2023-04-28,3069
Kay Rannigan,42843745156,krannigan8g@i2i.jp,106457.71,2023-04-21,3082
Elane Antwis,76518303267,eantwish2@latimes.com,97784.58,2023-04-21,3083
Tirrell Belshaw,10392724911,tbelshaw4v@istockphoto.com,174416.24,2023-04-27,3087
Winifred Housecroft,79842740964,whousecroftda@wsj.com,149212.33,2023-04-20,3120
Dredi Butten,75507921723,dbutten4t@deviantart.com,18569.48,2023-04-20,3122
Keith Windas,32303770981,kwindasa5@toplist.cz,168058.21,2023-04-21,3130
Raynard Chalke,13715216995,rchalkeel@blinklist.com,239621.89,2023-04-28,3138
Ernest Luckhurst,81712227703,eluckhurst6j@aboutads.info,60135.98,2023-04-20,3143
Theresina Bilfoot,93934561488,tbilfootlj@free.fr,201991.18,2023-04-28,3143
Otho Walicki,69153147148,owalickirm@hhs.gov,305834.21,2023-04-20,3154
Benjie Smees,88080131781,bsmeesai@aol.com,78058.54,2023-04-28,3160
Merle Gerrans,85455129872,mgerransgi@sphinn.com,308034.39,2023-04-21,3162
Jere Struttman,97910131459,jstruttman9n@purevolume.com,86018.55,2023-04-27,3163
Teresa Crinion,14934450524,tcrinion4n@utexas.edu,102765.54,2023-04-21,3174
Jim Salkeld,50087496453,jsalkeldcv@telegraph.co.uk,74062.83,2023-04-27,3174
Vonni Warhurst,99240256127,vwarhurstl5@apple.com,186482.52,2023-04-27,3176
Sherm Slixby,51536370212,sslixby7i@flickr.com,317526.60,2023-04-28,3188
Freddi Pountney,25621723705,fpountneymj@i2i.jp,61173.51,2023-04-20,3202
Beverlee Simonich,54015014448,bsimonich7l@twitter.com,164555.98,2023-04-28,3206
Constancy Tipling,596845474,ctiplingce@youtu.be,132752.52,2023-04-20,3216
Fernandina Gatecliffe,98979711704,fgatecliffe3r@jalbum.net,271233.50,2023-04-20,3218
Madelon Heasley,37379594086,mheasleycg@whitehouse.gov,186756.60,2023-04-20,3225
Douglass Rymer,71203453459,drymer1h@g.co,261122.00,2023-04-28,3240
Bear Lefeaver,32779282347,blefeaver1e@yahoo.com,235535.54,2023-04-20,3268
Bettine Frankling,37981803068,bfranklingga@ed.gov,28010.74,2023-04-27,3295
Sissy Watchorn,98045108056,swatchorni7@barnesandnoble.com,316086.42,2023-04-27,3300
Krishnah Jiri,37512052478,kjirij2@sciencedirect.com,16450.57,2023-04-21,3320
Wilhelmine Schumacher,18953277561,wschumacher3j@nyu.edu,38392.91,2023-04-27,3323
Emmery Zanetello,9866523896,ezanetelloex@123-reg.co.uk,148926.56,2023-04-21,3324
Eldon Kelston,35047131752,ekelstonbk@slideshare.net,202304.25,2023-04-28,3326
Dorrie Wagnerin,92443624746,dwagnerinjx@creativecommons.org,99331.52,2023-04-20,3328
Nicolas Sillitoe,16393101204,nsillitoefe@dion.ne.jp,117920.83,2023-04-21,3331
Layney Thonason,68497924522,lthonasonct@lulu.com,127753.23,2023-04-27,3340
Fawn Gimert,9912569537,fgimertb1@privacy.gov.au,108843.99,2023-04-21,3343
Alena Karpmann,87861236901,akarpmann29@4shared.com,146057.62,2023-04-21,3346
Nana Ede,2294234822,nede73@slashdot.org,275539.70,2023-04-21,3352
Kendra Guerrieri,32449642804,kguerrieriev@mashable.com,75600.55,2023-04-20,3371
Daven Catto,42753543947,dcatto6r@cpanel.net,135412.65,2023-04-21,3379
Wit Feavearyear,17687641392,wfeavearyearnq@mysql.com,9139.88,2023-04-20,3382
Sherye Manie,2251035355,smanie53@patch.com,267201.65,2023-04-27,3402
Elonore Hammett,6042883575,ehammetto5@behance.net,190363.99,2023-04-21,3413
Glen Ply,17235126887,gply5k@live.com,324611.66,2023-04-21,3415
Beryl Amey,24987278726,bameye@springer.com,206200.89,2023-04-21,3456
Peta Hazleton,56894225861,phazleton9r@state.tx.us,26521.97,2023-04-27,3477
Shane Middlemist,92058113439,smiddlemistn8@google.ca,129549.81,2023-04-20,3480
Rorie Cormode,90475209787,rcormodemr@huffingtonpost.com,306023.79,2023-04-21,3492
Lorilee Doghartie,89333729855,ldoghartie7q@nationalgeographic.com,240583.37,2023-04-28,3501
Tadio Lorraine,97306192754,tlorrainei4@bizjournals.com,314211.60,2023-04-27,3520
Kacy Ricciardelli,72036658300,kricciardelliem@rakuten.co.jp,266035.85,2023-04-27,3523
Nollie Lomen,83253085030,nlomenip@seesaa.net,196908.60,2023-04-20,3534
Paco Dunmore,65193197424,pdunmore2m@technorati.com,274766.48,2023-04-28,3538
Garth Dudden,76163251458,gduddenp@prnewswire.com,114066.13,2023-04-28,3569
Laetitia Laughrey,61322901649,llaughreyjb@reddit.com,199142.75,2023-04-27,3602
Dewey Vaune,38321568516,dvaune4k@vk.com,134685.50,2023-04-21,3618
Nicolis Housecraft,49791563649,nhousecraftdq@aol.com,165947.15,2023-04-28,3620
Bianka MacKay,90079483389,bmackayep@psu.edu,235439.63,2023-04-27,3633
Callida Luckham,20569476469,cluckhamhr@odnoklassniki.ru,13520.83,2023-04-21,3641
Lilly Sarch,76262989901,lsarchiy@va.gov,288807.92,2023-04-20,3650
Sal Yandle,95489746935,syandlen5@yale.edu,310061.20,2023-04-27,3655
Baxy Forge,70262447216,bforgejj@fda.gov,132502.98,2023-04-20,3658
Ferne Maplethorp,12588220132,fmaplethorp4l@hhs.gov,11690.60,2023-04-27,3663
Aura Cattrall,25193927745,acattrallkm@pbs.org,82643.84,2023-04-20,3670
Donnajean Chilcotte,26136053010,dchilcottem3@weibo.com,39892.89,2023-04-27,3684
Zarla Binnall,94861872276,zbinnallhn@jiathis.com,199321.26,2023-04-28,3693
Elvina Nattrass,55664502698,enattrassjv@1und1.de,2929.08,2023-04-20,3693
Kirby Garlick,46241303742,kgarlickgm@blinklist.com,301782.16,2023-04-21,3697
Julee Emer,10527168693,jemere1@ycombinator.com,17799.21,2023-04-27,3702
Killy Chalke,8710329277,kchalke8v@upenn.edu,55043.49,2023-04-20,3716
Bernie Kadar,63424711060,bkadar45@japanpost.jp,200157.81,2023-04-28,3730
Clarita Lucia,61501310655,cluciabu@fda.gov,332723.17,2023-04-28,3744
Chalmers Kollach,4666705970,ckollachan@chicagotribune.com,328984.18,2023-04-28,3745
Sherm McKelvie,67750116088,smckelvie98@geocities.jp,34982.06,2023-04-28,3748
Lanna Pointing,23850264574,lpointing8t@tumblr.com,273718.45,2023-04-20,3769
Zorina Jannings,40371389831,zjannings6q@oracle.com,172091.80,2023-04-28,3771
Helenka Balm,2830180815,hbalm2a@discovery.com,202836.09,2023-04-28,3784
Alissa Abrahamian,33119887139,aabrahamian7j@example.com,322406.26,2023-04-28,3788
Leandra Dougher,72472683984,ldougherl8@nyu.edu,172777.87,2023-04-20,3788
Maridel Snazle,15640530816,msnazlejp@123-reg.co.uk,278019.91,2023-04-27,3790
Maitilde Tesh,50909675350,mteshii@devhub.com,221626.76,2023-04-20,3805
Teodora O'Halligan,74069645579,tohalligandu@forbes.com,332165.71,2023-04-28,3811
Angel Valentine,21100087164,avalentine1x@miibeian.gov.cn,213803.49,2023-04-21,3812
Zacharia Kobiera,41127944422,zkobiera8p@cpanel.net,191832.81,2023-04-27,3829
Abbi Mynard,51435670179,amynardej@cam.ac.uk,227955.28,2023-04-28,3831
Vivia Fatscher,56611838372,vfatscher68@ibm.com,180008.61,2023-04-28,3844
Damon Karsh,74111242162,dkarshj7@dion.ne.jp,262354.85,2023-04-27,3844
Ricardo Dollar,79997233195,rdollar3b@admin.ch,305742.02,2023-04-28,3849
Drusy Gilbank,85535559901,dgilbankc7@meetup.com,7170.27,2023-04-28,3849
Parnell Leeds,63288190996,pleedsq4@cdc.gov,30569.57,2023-04-20,3849
Minni Rothert,84408406876,mrothertqf@tumblr.com,327149.63,2023-04-27,3849
Meghan Porritt,65012764221,mporrittm2@i2i.jp,7342.36,2023-04-28,3856
Graham Gamett,29634853444,ggamettgh@unc.edu,223812.45,2023-04-21,3883
Kevyn Norgate,23772670286,knorgateeb@senate.gov,123182.20,2023-04-21,3887
Shellysheldon Shegog,37015452816,sshegogch@ihg.com,54209.10,2023-04-28,3893
Gael Salerg,79777167797,gsalergr2@furl.net,220706.37,2023-04-27,3894
Lynnell Reith,16154779609,lreithki@army.mil,35595.73,2023-04-20,3899
Laina Doley,2949945972,ldoleybl@disqus.com,9090.16,2023-04-27,3909
Reynard Kieran,65589991654,rkieranob@godaddy.com,149765.64,2023-04-20,3909
Gorden Lilian,84277592132,glilianfi@netlog.com,168101.23,2023-04-28,3920
Vin Lithcow,36948582626,vlithcowl3@admin.ch,231990.03,2023-04-21,3928
Shermy McRobert,82824552589,smcrobertc4@si.edu,47904.34,2023-04-20,3942
Robbin Martyntsev,32980001190,rmartyntsevni@gizmodo.com,248636.61,2023-04-27,3954
Gerti Kneath,21888723770,gkneathc0@zdnet.com,246390.16,2023-04-21,3963
Jewell Ancliff,44410304175,jancliff96@businessweek.com,15519.14,2023-04-21,3976
Margalo Pleven,768596298,mpleven1r@time.com,184358.43,2023-04-27,4002
Kaila Ormerod,12570828391,kormerodaz@imageshack.us,145683.82,2023-04-27,4007
Rodrique Phelan,9349247117,rphelanjm@geocities.com,152734.81,2023-04-27,4035
Charla Whitters,36497788572,cwhitters9b@pagesperso-orange.fr,163498.10,2023-04-21,4039
Gerta Whate,34559624625,gwhatejt@dyndns.org,114543.77,2023-04-28,4068
Cahra Callen,8488850837,ccallenqm@usgs.gov,66784.33,2023-04-27,4105
Hogan Ramm,37958303830,hrammri@purevolume.com,80115.74,2023-04-27,4141
Lark Brugemann,83017907027,lbrugemann5e@bloomberg.com,236686.48,2023-04-27,4165
Carson Hyne,928790165,chyneoy@skype.com,157402.65,2023-04-20,4177
Daune Mickleborough,485385070,dmickleboroughop@youtube.com,23165.96,2023-04-27,4181
Corbie Clinnick,39186205098,cclinnick2z@spiegel.de,294192.32,2023-04-20,4182
Pennie Chelam,36293603404,pchelamk8@eventbrite.com,302417.24,2023-04-21,4198
Fernando McGiffie,16951759757,fmcgiffie2o@nih.gov,15296.30,2023-04-27,4210
Panchito Nicolls,23100899561,pnicollsg1@economist.com,311487.41,2023-04-28,4218
Shamus McFfaden,19409864333,smcffadenqq@usgs.gov,268142.26,2023-04-28,4219
Stafford Allabush,69067995573,sallabushmz@google.cn,247765.53,2023-04-27,4225
Zia Gambrell,6818600757,zgambrellf@i2i.jp,32284.00,2023-04-21,4238
Tymothy Killerby,97863281034,tkillerby46@addtoany.com,162126.01,2023-04-20,4250
Curr Swansborough,57444220006,cswansboroughbm@springer.com,49713.44,2023-04-28,4261
Marice Jerrans,8966776000,mjerransbp@msu.edu,85957.45,2023-04-20,4263
Jeanelle Collecott,93583979534,jcollecottqx@vistaprint.com,88789.35,2023-04-27,4263
Gayler Form,22677379397,gform35@unesco.org,215586.28,2023-04-27,4265
Celine Fiske,59833100992,cfiske3y@ibm.com,181520.34,2023-04-20,4287
Shanta Borrows,29038336450,sborrowsn7@bigcartel.com,278639.38,2023-04-28,4287
Vlad Pinare,43493486384,vpinarefm@joomla.org,84778.25,2023-04-28,4288
Anselm Jopp,75248237484,ajopp1t@amazon.co.uk,223754.88,2023-04-28,4294
Kandy Georgi,38196070029,kgeorgi2f@vistaprint.com,110004.97,2023-04-28,4303
Drusy Roskeilly,68693272239,droskeillyeg@yelp.com,314905.76,2023-04-27,4318
Alvin Shipperbottom,23094099300,ashipperbottomq0@php.net,214871.18,2023-04-21,4318
Oswald Stain,16704237013,ostain4a@hostgator.com,87228.95,2023-04-27,4335
Christalle Baraclough,10054939089,cbaracloughgj@hexun.com,138705.12,2023-04-21,4347
Giffard Aynscombe,48303330428,gaynscombefh@nydailynews.com,146620.92,2023-04-20,4368
Price Bison,65696189300,pbisonoh@free.fr,181056.45,2023-04-21,4371
Lucila Spencer,32458938519,lspenceriq@imageshack.us,24526.83,2023-04-20,4378
Sollie Dregan,73212136363,sdreganhk@hostgator.com,302623.39,2023-04-27,4399
Giorgia Humfrey,87988377050,ghumfrey9i@dagondesign.com,83483.98,2023-04-27,4408
Filip Jeffers,49735355953,fjeffersqs@squidoo.com,53202.86,2023-04-20,4423
Laurella Santino,70182779272,lsantinomf@discuz.net,114179.94,2023-04-20,4438
Hilary Chellingworth,24064030124,hchellingworthpz@prweb.com,3424.01,2023-04-27,4466
Abeu Tweede,2732468997,atweedept@princeton.edu,327669.72,2023-04-21,4473
Cynthie Gillice,51809602013,cgillice5l@pinterest.com,324079.68,2023-04-21,4478
Adiana Beard,99630845577,abeardkz@amazon.com,142084.10,2023-04-20,4489
Gayla Kolodziej,50786777375,gkolodziejav@naver.com,249557.76,2023-04-28,4507
Petra Marlor,76154731878,pmarloroa@icio.us,322841.54,2023-04-21,4511
Isidor Briddle,85324898549,ibriddlelk@sohu.com,280333.28,2023-04-28,4516
Shantee Blackie,82097178617,sblackiecm@squidoo.com,22071.54,2023-04-21,4538
Coralyn Rothschild,989811820,crothschilde5@feedburner.com,172006.42,2023-04-28,4552
Olia Corwin,21661248614,ocorwinh5@unc.edu,106498.74,2023-04-21,4552
Leeann Ragate,44563011485,lragate3w@moonfruit.com,243353.38,2023-04-20,4554
Matthieu McCalum,98090125454,mmccalumom@weibo.com,314195.75,2023-04-21,4557
Darill Mascall,47665988454,dmascallk9@squarespace.com,36203.75,2023-04-28,4571
Aurthur Goare,48997673874,agoare83@tumblr.com,47438.67,2023-04-27,4582
Gabriella Malcher,46735633668,gmalcher99@mlb.com,143141.34,2023-04-28,4584
Rolland Klimentyev,62530265515,rklimentyevbj@weibo.com,285772.43,2023-04-28,4591
Kendrick Rice,27537100346,kricehq@pbs.org,48529.25,2023-04-27,4592
Arabela Rosedale,62866651532,arosedale1f@homestead.com,10913.69,2023-04-28,4601
Meaghan Vidyapin,56123040369,mvidyapin36@sourceforge.net,329572.42,2023-04-28,4612
Margalo Franceschi,49014762245,mfranceschiax@earthlink.net,264886.61,2023-04-27,4616
Angel McKinna,20505020302,amckinna63@home.pl,53540.96,2023-04-28,4621
Idalia Ricciardelli,18437397386,iricciardellirf@npr.org,146822.48,2023-04-28,4621
Maressa Ludwig,16597217021,mludwigfv@cdc.gov,163263.92,2023-04-20,4622
Sayre Sprules,31894741479,sspruleseo@ask.com,202976.79,2023-04-20,4634
Tabitha Rraundl,82541169796,trraundld8@europa.eu,263368.54,2023-04-27,4639
Urson Fomichkin,85720545175,ufomichkinr8@indiatimes.com,116864.07,2023-04-21,4644
Germaine Bratchell,93821813233,gbratchell16@nps.gov,263370.46,2023-04-27,4657
Abbott Klaves,66731726570,aklavesj6@wordpress.org,323515.02,2023-04-20,4657
Teriann Bolderstone,45458099169,tbolderstonelg@umich.edu,52782.69,2023-04-28,4697
Isador Hackelton,81435442278,ihackelton3t@printfriendly.com,88512.29,2023-04-20,4701
Cherise Kibble,48454216371,ckibbleqh@posterous.com,32757.48,2023-04-21,4701
Hobie Dewdney,36033615499,hdewdney2c@1688.com,77310.72,2023-04-27,4723
Standford Cuchey,55126441152,scucheyir@opensource.org,47299.90,2023-04-20,4729
Tymon Cammack,6920108670,tcammack2x@xinhuanet.com,151330.77,2023-04-21,4738
Lazaro Bowerman,53454074342,lbowermanei@posterous.com,230064.59,2023-04-21,4753
Wolf Bocking,43956307890,wbockingpi@virginia.edu,65909.53,2023-04-27,4799
Laurice Bispo,23753815860,lbispoh0@livejournal.com,24439.63,2023-04-27,4801
Mitchell Essel,46446743174,messelhi@wordpress.org,98557.35,2023-04-20,4809
Maressa McGibbon,81578544299,mmcgibbon58@jalbum.net,129374.00,2023-04-28,4812
Violetta Cradduck,18006242731,vcradducko8@stanford.edu,244193.52,2023-04-28,4819
Isa Girod,68689048477,igirodbz@1und1.de,209442.95,2023-04-20,4826
Maxi Riordan,78028279065,mriordaner@studiopress.com,284887.29,2023-04-27,4831
Giselbert Loveday,1934016336,glovedayao@eventbrite.com,120755.94,2023-04-21,4839
Ermentrude Renfield,36321384345,erenfieldpy@indiegogo.com,160077.12,2023-04-20,4840
Marieann Sorley,28862535598,msorley6n@lycos.com,118107.01,2023-04-27,4842
Susette Inold,28014420277,sinold9a@wufoo.com,305486.92,2023-04-21,4850
Archer Estoile,55236655968,aestoiled2@hostgator.com,10786.32,2023-04-20,4850
Cati Abatelli,14065635116,cabatelli1u@bluehost.com,80935.37,2023-04-20,4852
Dalenna MacLachlan,97369401484,dmaclachlanqu@ibm.com,246306.56,2023-04-21,4872
Nettie Berringer,4986966298,nberringerij@accuweather.com,103078.06,2023-04-28,4874
Emile Manoch,73321350249,emanochgy@nsw.gov.au,86660.05,2023-04-28,4894
Deloris Lyman,73994877304,dlymanas@msu.edu,277213.35,2023-04-28,4911
Giavani Folomin,18368924042,gfolominbn@tripod.com,153330.62,2023-04-20,4916
Marinna Axleby,81833198801,maxleby8s@earthlink.net,269938.10,2023-04-28,4919
Shaina Edds,42601826903,seddskx@ucoz.ru,55171.78,2023-04-20,4920
Lukas Inchboard,64645402159,linchboard7f@mlb.com,293099.58,2023-04-28,4924
Diego Strowger,25878555770,dstrowgerro@domainmarket.com,256879.68,2023-04-21,4925
Yorke Brazil,43786902689,ybraziloe@seattletimes.com,38157.31,2023-04-27,4934
Clair McGready,33437894312,cmcgready5b@theatlantic.com,314375.56,2023-04-20,4938
Louella Costanza,41899989275,lcostanza1p@booking.com,283634.88,2023-04-27,4955
Katerine Baude,12902674258,kbaude4b@scientificamerican.com,178220.85,2023-04-21,4956
Terza Pfaffe,30653513255,tpfaffenv@sitemeter.com,143330.69,2023-04-28,5020
Vidovic Mansford,49914649083,vmansfordjc@omniture.com,104910.97,2023-04-27,5024
Mellisent Matsell,8034528696,mmatsell84@tinypic.com,103666.63,2023-04-28,5034
Anabel Crab,23269257420,acraba8@geocities.com,258132.74,2023-04-20,5037
Francesco Baldung,102597504,fbaldung6m@msn.com,191308.25,2023-04-28,5060
Farica Worner,73435150024,fworner88@prnewswire.com,17983.57,2023-04-27,5072
Fitz Plunket,84209662010,fplunketr@geocities.com,282761.39,2023-04-28,5109
Deane Woollhead,78099472969,dwoollhead2j@surveymonkey.com,105417.39,2023-04-28,5112
Raymund Kohnemann,84942251058,rkohnemannqk@unc.edu,333167.74,2023-04-27,5138
Evelina Sprade,63648015127,esprademt@i2i.jp,245177.11,2023-04-28,5166
Basilio Stolworthy,63632509657,bstolworthy7h@cargocollective.com,10995.39,2023-04-27,5177
Merilee Yon,85112562167,myondi@sciencedaily.com,321241.01,2023-04-21,5191
Kristina Pally,37181800687,kpallyme@bluehost.com,169699.24,2023-04-28,5216
Kev Raulin,11690780367,kraulin8b@adobe.com,163689.75,2023-04-28,5237
Zak Sennett,67088664403,zsennett7n@plala.or.jp,16658.74,2023-04-27,5238
Engracia Bygrave,50949553811,ebygrave2v@spiegel.de,267813.96,2023-04-20,5243
Bibbye Caldeyroux,80457834314,bcaldeyrouxbf@ebay.co.uk,172422.76,2023-04-27,5248
Silvano Mitkin,46554945324,smitkingx@wp.com,5874.09,2023-04-27,5257
Vallie Tirrell,35359116664,vtirrello@businessweek.com,46584.86,2023-04-27,5262
Ty Jannings,77574867075,tjanningsad@yale.edu,90038.72,2023-04-20,5263
Robin Laver,40083095925,rlaver3e@instagram.com,309560.60,2023-04-20,5264
Claire Elgram,49023775321,celgram2q@hexun.com,217978.56,2023-04-27,5280
Debbie Sivior,63382831771,dsiviorj3@yolasite.com,193111.12,2023-04-27,5310
Carny Andrus,18456707046,candrusou@globo.com,279298.79,2023-04-27,5317
Fin Worboy,28481663238,fworboymv@yahoo.co.jp,237133.52,2023-04-27,5341
Myca Lewis,88170538132,mlewisof@nifty.com,215545.47,2023-04-27,5354
Rora Mullineux,39417368203,rmullineuxia@live.com,245861.27,2023-04-21,5372
Doy Chitham,70304811012,dchitham3o@uol.com.br,223372.80,2023-04-27,5399
Hamil Guillet,40049737743,hguilletg7@godaddy.com,117832.17,2023-04-27,5405
Sascha Trees,885628733,streespf@pinterest.com,25952.99,2023-04-28,5415
Thatcher Prudence,7481890288,tprudencei5@go.com,268826.43,2023-04-27,5438
Walt Dorrins,87369533965,wdorrins33@skyrock.com,10264.57,2023-04-27,5442
Emlynne Gridon,74697230360,egridon7d@cargocollective.com,107689.84,2023-04-27,5469
Rory Cree,62847504496,rcreele@timesonline.co.uk,102875.97,2023-04-28,5477
Valencia Ducker,95530518485,vduckeres@state.gov,45895.54,2023-04-20,5478
Glori Smewings,96196760869,gsmewingsgn@yellowpages.com,155034.19,2023-04-20,5483
Haily Worsnup,32036723658,hworsnupk0@51.la,177196.10,2023-04-20,5484
Leisha Firbanks,95236232345,lfirbanks4u@moonfruit.com,83144.57,2023-04-27,5523
Kinny Aven,30416010857,kavenhg@bandcamp.com,171951.75,2023-04-27,5531
Gottfried Stilgo,45723262772,gstilgor3@adobe.com,307081.65,2023-04-28,5553
Itch Andras,6829891171,iandrasiv@state.tx.us,279176.34,2023-04-27,5559
Ruthann Hamilton,51625957244,rhamilton4i@prlog.org,231899.59,2023-04-20,5563
Lombard Cankett,80172533941,lcankettf5@cpanel.net,319964.08,2023-04-28,5568
Darbie Hannah,78933764646,dhannah5v@cocolog-nifty.com,141767.55,2023-04-21,5569
Brinn Paramor,76478757871,bparamorqr@altervista.org,145617.05,2023-04-28,5579
Reid Camp,72435956010,rcampb@addtoany.com,226102.90,2023-04-20,5591
Janel McSporon,16301025785,jmcsporon8@shareasale.com,49202.30,2023-04-27,5601
Layne MacIntyre,48072761907,lmacintyrefp@prweb.com,3236.15,2023-04-27,5604
Gaspard Bannerman,12574411538,gbannermanf4@slideshare.net,28546.50,2023-04-28,5620
Ricky Izakof,89437115789,rizakofie@amazon.co.uk,245462.64,2023-04-27,5625
Halley Fallawe,50369063474,hfallawemk@amazon.co.jp,153292.71,2023-04-21,5637
Ashly Bayns,47378056127,abaynsq@kickstarter.com,958.43,2023-04-20,5638
Berna Seeviour,19472058821,bseeviour1v@discuz.net,277993.44,2023-04-27,5640
Erich Dungay,2788172277,edungay8j@goodreads.com,185047.20,2023-04-28,5648
Thain Sailor,28272782930,tsailorj8@hp.com,271396.13,2023-04-21,5649
Kaia Biford,53211255342,kbifordhc@google.ca,181631.07,2023-04-27,5659
Findlay Phebey,93019531480,fphebey65@cbslocal.com,76675.39,2023-04-27,5682
Estrella Quail,21677160332,equail40@myspace.com,143003.35,2023-04-21,5698
Morissa Wilse,40266371472,mwilsemc@liveinternet.ru,247830.76,2023-04-20,5709
Flossie Buzzing,63974976875,fbuzzingc1@zimbio.com,251875.31,2023-04-21,5714
Henrieta Assiratti,10967689187,hassirattiak@cloudflare.com,115038.64,2023-04-27,5715
Petr Mattiacci,36270152933,pmattiacciqo@yahoo.co.jp,299069.49,2023-04-28,5722
Gerti Bockh,46191359220,gbockhlo@instagram.com,288469.10,2023-04-28,5723
Savina Burnham,2698296833,sburnhamhy@omniture.com,238216.16,2023-04-20,5728
Carlynn Teare,26940986087,ctearegg@t.co,324484.29,2023-04-20,5732
Lula Castane,1562038890,lcastaneh6@google.com.au,64474.60,2023-04-27,5740
Freddie Dowda,73941779253,fdowdabw@usda.gov,10437.92,2023-04-21,5747
Ignaz Dilleway,92417455847,idillewayks@deliciousdays.com,262516.76,2023-04-21,5756
Brandea Baily,40350334978,bbailyla@seesaa.net,78235.43,2023-04-21,5758
Ulick O'Hara,1496864455,uoharaby@bing.com,106611.74,2023-04-28,5760
Ervin Kilshall,98061964426,ekilshallal@ihg.com,182044.95,2023-04-21,5762
Hewett Brodeau,72740802864,hbrodeau9e@npr.org,316556.02,2023-04-20,5774
Chelsey Persence,38868099246,cpersence14@pinterest.com,64574.43,2023-04-21,5789
Raf Bilney,87987403404,rbilneyd6@youtube.com,79852.75,2023-04-20,5790
Leonanie Skyner,85283603625,lskynerhj@comsenz.com,191064.08,2023-04-20,5800
Celle Ramsted,80901816149,cramsted6v@smh.com.au,170530.95,2023-04-21,5829
Nelson Batiste,60201081898,nbatisted4@nps.gov,103219.58,2023-04-28,5836
Cornelius Greig,62938586364,cgreig94@prlog.org,232549.63,2023-04-21,5840
Lyon Doolan,63347364799,ldoolan80@oakley.com,42822.07,2023-04-20,5841
Elwood Duerden,88209502465,eduerdenc8@hibu.com,38296.23,2023-04-21,5858
Daniela Doige,84469072926,ddoigepe@seesaa.net,301511.55,2023-04-21,5858
Thadeus Wilson,79010600333,twilson2@wikimedia.org,318206.08,2023-04-27,5862
Sonnie Calf,33834631914,scalfhp@guardian.co.uk,128138.65,2023-04-28,5863
Lita Grimmer,81860768197,lgrimmerkc@diigo.com,103342.11,2023-04-21,5864
Debby Jasik,96760061374,djasikdy@chronoengine.com,329279.65,2023-04-28,5867
Louis Kitcherside,11107973299,lkitcherside87@shop-pro.jp,24780.50,2023-04-27,5874
Janie Fabri,24482413859,jfabricu@disqus.com,105832.77,2023-04-27,5874
Morlee De Cleen,40401511525,mdelf@china.com.cn,100911.32,2023-04-21,5881
Wendy Crane,86467504624,wcrane2r@blogs.com,74047.96,2023-04-28,5899
Svend Bason,23374807582,sbason49@slashdot.org,221234.78,2023-04-27,5899
Kalila Marzello,43292851762,kmarzello2y@4shared.com,24683.79,2023-04-21,5903
Raddie Donoghue,20026073978,rdonoghuemm@ow.ly,77416.35,2023-04-20,5909
Sandie Poate,83385624446,spoatej@yahoo.co.jp,331816.13,2023-04-21,5913
Madlin Rickis,13713766360,mrickis2p@cornell.edu,197530.93,2023-04-21,5916
Lenci Fortman,12500245563,lfortmanh4@nationalgeographic.com,327609.91,2023-04-20,5922
Juliana Caulfield,26428089761,jcaulfieldj4@comsenz.com,312463.83,2023-04-27,5924
Belva Childes,11727733340,bchildes3g@msu.edu,188173.94,2023-04-21,5944
Gabrielle Bourgour,51390943410,gbourgour69@cmu.edu,278966.94,2023-04-20,5968
Krisha Cafferty,99099436052,kcafferty8m@deviantart.com,125427.04,2023-04-27,5989
Kerianne Schultze,99597499380,kschultze6h@phoca.cz,23922.38,2023-04-21,5991
Hephzibah Riddlesden,52614264456,hriddlesdenkh@hhs.gov,142662.42,2023-04-28,6007
Jeannine Whiskerd,56949558912,jwhiskerd9j@nih.gov,167390.63,2023-04-20,6009
Elinore Robillart,24218426520,erobillartoo@ocn.ne.jp,8277.32,2023-04-28,6015
Fara Glennard,48581340301,fglennardps@narod.ru,69634.19,2023-04-27,6017
Donny Barizeret,81487365295,dbarizeretfk@prlog.org,116299.55,2023-04-21,6018
Karia Giacomucci,8092415301,kgiacomucci5t@bing.com,213119.97,2023-04-20,6024
Cheri Povlsen,77759357765,cpovlsenrk@cornell.edu,119618.37,2023-04-28,6033
Taddeo Ilyinykh,7488535637,tilyinykhhw@wisc.edu,148981.51,2023-04-21,6040
Fallon Wedon,1431860265,fwedonig@merriam-webster.com,208540.63,2023-04-21,6052
Ruthe Rosenzwig,2545809858,rrosenzwig1n@who.int,107693.60,2023-04-28,6053
Eydie Whillock,22834797159,ewhillock62@xing.com,287357.47,2023-04-27,6056
Konstantin Pyrton,63901154284,kpyrton66@opensource.org,258547.89,2023-04-20,6056
Stanwood Merrett,78191725108,smerrettkj@github.io,41786.81,2023-04-21,6063
Alic Callear,97732191822,acallear1l@buzzfeed.com,179455.73,2023-04-21,6074
Jorgan Kersley,83967241457,jkersley28@seattletimes.com,172489.65,2023-04-20,6099
Theodore Piperley,75994115672,tpiperleyid@weather.com,97522.78,2023-04-28,6104
Gaile Mandre,26585031758,gmandrep6@wix.com,281628.95,2023-04-20,6108
Marybelle Spence,63544375481,mspenced5@wired.com,88637.12,2023-04-20,6117
Berti Gristwood,98254022293,bgristwoodhm@gnu.org,81872.28,2023-04-20,6121
Francisca Camamill,34006109888,fcamamillpb@washington.edu,70631.92,2023-04-21,6123
Jerrie Gaffer,39858022519,jgafferiw@harvard.edu,147814.42,2023-04-27,6134
Felix Andreas,78168454173,fandreasb0@imgur.com,28058.54,2023-04-28,6145
Dorthy Crace,40857753230,dcraceot@nasa.gov,297483.11,2023-04-21,6145
Marilyn Littley,72127508907,mlittleye6@naver.com,151489.68,2023-04-28,6176
Christoph Gabitis,99963270934,cgabitisfa@cnbc.com,283781.39,2023-04-28,6180
Matthus Petrolli,2876898449,mpetrolli3v@pinterest.com,224511.12,2023-04-27,6188
Hedy De Bruijne,19169094214,hde9k@wsj.com,55426.26,2023-04-20,6196
Sal Manshaw,89521119992,smanshawcd@aboutads.info,231984.68,2023-04-27,6205
Kelvin Duck,32280774760,kduck7w@psu.edu,320022.09,2023-04-27,6223
Hilde Stallan,36190264041,hstallanhh@nasa.gov,22572.23,2023-04-20,6231
Pete Barratt,87611337207,pbarrattl1@amazon.com,245055.82,2023-04-28,6233
Jan Lorenc,30603759624,jlorenc8u@ifeng.com,251909.83,2023-04-21,6235
Nerti Younge,82963056673,nyounge74@msu.edu,218503.55,2023-04-28,6243
Therese Myrkus,11551321610,tmyrkusja@google.it,24542.42,2023-04-21,6244
Doti Alforde,85545856373,dalfordea2@utexas.edu,234542.71,2023-04-27,6259
Tobie Schiementz,84386178203,tschiementzrl@phpbb.com,222290.09,2023-04-28,6259
Rusty McNalley,45340599195,rmcnalleygp@un.org,87941.19,2023-04-28,6262
Zola Izat,62788526148,zizat64@hud.gov,288776.67,2023-04-28,6266
Hal Search,76428400753,hsearchil@sitemeter.com,157622.44,2023-04-20,6278
Marybeth Quiddinton,30064264771,mquiddintonpo@surveymonkey.com,206336.94,2023-04-21,6283
Alvan Toner,29570757400,atoner7p@patch.com,65784.73,2023-04-28,6286
Viole Pflieger,56738329487,vpflieger70@moonfruit.com,120068.65,2023-04-20,6289
Liuka Di Boldi,89255151990,ldifo@ftc.gov,143140.16,2023-04-21,6292
Debee Birtonshaw,45641617741,dbirtonshawcb@wordpress.org,55800.22,2023-04-28,6312
Gibb Terrett,78511173414,gterrett8f@blogtalkradio.com,229176.02,2023-04-28,6336
Aleen Lewsie,21673490637,alewsieaf@imageshack.us,142854.99,2023-04-21,6356
Gardie Fears,74866425680,gfearscs@microsoft.com,145968.65,2023-04-21,6377
Urbanus Dadd,37005013994,udadd2g@who.int,246207.01,2023-04-20,6403
Keane Gatherell,90545358533,kgatherellms@independent.co.uk,9274.88,2023-04-28,6406
Sonya Yegorev,83914493746,syegorevdo@census.gov,91372.78,2023-04-21,6407
Kaitlynn Jenkin,93566583269,kjenkinm4@vkontakte.ru,43944.97,2023-04-20,6410
Carolan Snelman,4961431721,csnelmanf0@ebay.co.uk,145528.65,2023-04-28,6412
Alphonse Rawe,52412433858,arawecx@xing.com,187550.22,2023-04-28,6438
Werner Winslett,11398357813,wwinslett27@shop-pro.jp,79697.95,2023-04-21,6444
Ulrike Neicho,81715984904,uneichop9@photobucket.com,110793.03,2023-04-21,6444
Tarah Kwiek,58231455500,tkwiekqw@accuweather.com,316071.72,2023-04-21,6444
Lenette Barthot,98786479095,lbarthot5@blogs.com,29724.43,2023-04-20,6507
Alonzo Bischoff,4190855188,abischoffnj@redcross.org,86285.19,2023-04-28,6508
Blakelee Maber,89865428710,bmaberox@mapquest.com,288564.36,2023-04-21,6539
Stevy Laxton,15981259170,slaxton90@va.gov,13013.19,2023-04-28,6548
Joleen Pollins,87609982879,jpollinshf@ycombinator.com,203688.89,2023-04-27,6582
Bale Fforde,86704338963,bffordeqj@go.com,298570.28,2023-04-27,6607
Aime Leavey,60408435084,aleaveyqv@harvard.edu,42319.38,2023-04-28,6612
Herve Monini,71524809328,hmoninikl@cloudflare.com,330524.55,2023-04-20,6650
Madelyn Rolfo,8956425631,mrolfoey@reuters.com,322376.75,2023-04-20,6668
Fifine Villaron,62229255320,fvillaron2u@eepurl.com,269924.70,2023-04-28,6672
Jeffie Jehaes,42780574132,jjehaesli@bloomberg.com,286387.97,2023-04-21,6673
Helen-elizabeth Raylton,82662752408,hraylton2i@jiathis.com,190022.57,2023-04-21,6679
Veronika Sustins,58113578852,vsustinsp1@home.pl,319603.20,2023-04-21,6683
Willie Bapty,54748616136,wbaptym0@census.gov,144017.24,2023-04-27,6690
Grant MacMakin,45401442699,gmacmakingv@abc.net.au,30350.58,2023-04-21,6729
Clarke Coston,27278142156,ccostone8@mozilla.com,154754.75,2023-04-20,6733
Clarence Penddreth,92226331741,cpenddreth4m@miitbeian.gov.cn,160478.18,2023-04-21,6736
Rubi Burcombe,8114915886,rburcombe92@mac.com,124305.58,2023-04-27,6750
Julieta Davers,3176632042,jdaversgu@scientificamerican.com,282772.28,2023-04-28,6752
Dion Middlebrook,40114983645,dmiddlebrookbt@netvibes.com,106881.90,2023-04-28,6762
Ermengarde Dedon,65657059656,ededong6@youtube.com,185625.41,2023-04-28,6774
Joaquin Copeman,92574044854,jcopemanno@mayoclinic.com,101720.10,2023-04-20,6781
Derron Oger,893044682,dogergb@xing.com,222591.31,2023-04-21,6791
Marcelle Castellan,48198083819,mcastellan85@irs.gov,54761.88,2023-04-28,6793
Lanita McRitchie,3181763004,lmcritchiejw@qq.com,258279.99,2023-04-21,6801
Cory Nunes Nabarro,75026013571,cnunes4r@discuz.net,13273.17,2023-04-28,6802
Andonis McKerley,10652492490,amckerleye0@disqus.com,15026.93,2023-04-21,6803
Erminia Masselin,68832806248,emasselin7c@independent.co.uk,330457.01,2023-04-28,6815
Sheppard Whitmore,41331353272,swhitmore8d@vkontakte.ru,56661.31,2023-04-28,6821
Lorilee Hawford,25425475411,lhawford6k@issuu.com,222487.99,2023-04-21,6823
Jaimie Jeroch,29526181399,jjerochrc@networkadvertising.org,79036.54,2023-04-27,6828
Marti Samart,95633996770,msamartb6@timesonline.co.uk,303573.93,2023-04-27,6829
Kalila Parley,72695679218,kparley50@nasa.gov,194063.50,2023-04-28,6835
Vasily Caught,13357836069,vcaught52@taobao.com,184644.00,2023-04-28,6838
Teodoor Matchitt,58904437157,tmatchittje@mozilla.com,319601.56,2023-04-27,6838
Victoria Crathorne,88309532003,vcrathorne5z@vimeo.com,147057.05,2023-04-21,6839
Evonne Pfiffer,59666937473,epfifferek@i2i.jp,48209.48,2023-04-21,6853
Zena Connealy,16186356428,zconnealyn@yellowpages.com,118956.86,2023-04-21,6874
Leo Gylle,15004979075,lgyllekn@creativecommons.org,159586.18,2023-04-28,6874
Hyacinthia Kesterton,90074596556,hkestertondf@delicious.com,74021.37,2023-04-28,6879
Mandie Miguel,958755507,mmiguelfg@irs.gov,383.07,2023-04-28,6884
Jilleen Fidian,81567551157,jfidian8r@ucsd.edu,211499.31,2023-04-20,6894
Veradis Tink,73017612068,vtinkn6@usatoday.com,209934.53,2023-04-20,6902
Jessi Sommerlie,57689949049,jsommerlieow@fda.gov,332542.67,2023-04-20,6911
Jourdan Longfoot,71344752770,jlongfootny@upenn.edu,244632.02,2023-04-27,6912
Arlinda Taggett,87566497948,ataggettph@squidoo.com,139153.75,2023-04-20,6918
Garner Mochan,88562185172,gmochan38@bbc.co.uk,290418.10,2023-04-28,6927
Ardella Gratrex,46955706091,agratrex57@china.com.cn,98679.92,2023-04-27,6944
Gardie Thunderchief,11080668808,gthunderchief5u@biglobe.ne.jp,170578.32,2023-04-20,6959
Nedi Deares,17870736298,ndearespv@abc.net.au,103758.77,2023-04-27,6966
Dalis Dunton,27821959743,ddunton18@tmall.com,189088.70,2023-04-28,6984
Hewet Zebedee,29104511331,hzebedeegt@storify.com,32455.94,2023-04-27,7001
Rivalee Menci,87878289605,rmenci1j@loc.gov,211945.18,2023-04-20,7007
Darleen Beany,42407118344,dbeany6t@is.gd,68906.09,2023-04-27,7014
Nessy Birtwhistle,33400589540,nbirtwhistlei6@example.com,317078.55,2023-04-27,7023
Robbert Stocks,84093595307,rstocksma@goo.gl,56185.93,2023-04-20,7041
Neddie Mughal,5518333646,nmughalnk@alexa.com,205086.65,2023-04-27,7049
Lilian McGarvey,87801884000,lmcgarveyq9@tripadvisor.com,238638.47,2023-04-20,7049
Annie Wince,80809455205,awinceau@latimes.com,269522.00,2023-04-20,7050
Ellette Rous,31489370095,erousoj@devhub.com,39716.38,2023-04-28,7056
Rodina Ludewig,73970438894,rludewigrp@ifeng.com,300854.48,2023-04-21,7056
Laurel Bartoli,29181829952,lbartoli31@pcworld.com,41554.21,2023-04-20,7082
Marve Reichhardt,3272881193,mreichhardtr4@photobucket.com,123954.15,2023-04-27,7093
Ameline Strangwood,57904312404,astrangwoodq6@wired.com,141845.15,2023-04-20,7102
Aili Iacavone,7575787686,aiacavone8a@delicious.com,268921.58,2023-04-28,7107
Ephrayim Kowal,47479197699,ekowalic@usatoday.com,100340.79,2023-04-28,7116
Aidan Molan,20249978128,amolang2@xing.com,247051.34,2023-04-27,7123
Brendis Vedikhov,80237632151,bvedikhov7y@moonfruit.com,188788.22,2023-04-27,7131
Merrile Dargavel,31012945386,mdargavel4o@wikispaces.com,219385.05,2023-04-21,7150
Kathlin Burnand,68154047038,kburnanda6@japanpost.jp,301435.34,2023-04-28,7150
Danna McCahey,77611375106,dmccaheyld@rediff.com,286392.91,2023-04-28,7158
Elena Philipson,53801934265,ephilipsonon@answers.com,304853.40,2023-04-27,7178
Sapphire Aloway,48511474182,salowayo0@discovery.com,131861.11,2023-04-27,7180
Alameda Jakubovitch,95908132486,ajakubovitchmn@cbslocal.com,31773.69,2023-04-28,7189
Giselle Laurie,44309219861,glaurie6o@theglobeandmail.com,223053.49,2023-04-27,7195
Gaye Longson,66482275996,glongsonn1@webs.com,311563.87,2023-04-28,7199
Gearalt Mapes,79117190762,gmapes7x@quantcast.com,19268.77,2023-04-28,7212
Galina Dorgan,43003017391,gdorgan6d@fc2.com,261340.20,2023-04-21,7221
Mitchel Beeswing,29224375582,mbeeswinglx@telegraph.co.uk,131050.81,2023-04-28,7225
Jorrie Stansfield,39739326323,jstansfieldcp@youtube.com,235630.53,2023-04-27,7230
Daron Rihosek,91431391918,drihosekg4@last.fm,39615.93,2023-04-20,7239
Brittni Clearie,14712317978,bclearie7t@dailymotion.com,271495.64,2023-04-28,7250
Belva Barham,73543715957,bbarhamhb@chron.com,110030.48,2023-04-27,7262
Caddric Daniell,41416181767,cdaniellkb@gnu.org,254426.99,2023-04-27,7262
Broddy Gainor,40121572506,bgainory@rakuten.co.jp,241679.35,2023-04-21,7267
Niles Keenleyside,9478955956,nkeenleysider5@fc2.com,1821.31,2023-04-27,7296
Clim Kimmings,24299244806,ckimmingsz@hibu.com,147421.20,2023-04-28,7304
Rikki Garatty,60184502521,rgarattyaj@symantec.com,207955.10,2023-04-21,7305
Milli Daville,89565027697,mdavillemg@weather.com,9328.57,2023-04-28,7305
Oswald Bohike,52342001607,obohike2b@sfgate.com,179521.29,2023-04-27,7307
Clotilda Goymer,27156749149,cgoymerdb@cbsnews.com,229677.27,2023-04-21,7318
Trudey Rosle,5436423559,trosleae@cloudflare.com,186739.27,2023-04-28,7320
Margaretta Rutley,62282121922,mrutleyqe@fema.gov,281746.12,2023-04-21,7322
Orson Shapiro,97274423282,oshapirokf@theatlantic.com,187981.92,2023-04-21,7339
Berne Alred,72262078027,balredqi@mozilla.org,279269.93,2023-04-28,7348
Connie Derl,88891986490,cderlf8@free.fr,108198.02,2023-04-21,7354
Alidia Daniele,57437882021,adaniele7g@elpais.com,137539.22,2023-04-21,7374
Upton Dootson,48540643312,udootsonbi@unesco.org,126355.65,2023-04-21,7381
Leon Rising,31243395912,lrisinglu@google.cn,221298.93,2023-04-28,7387
Fawn Crowden,34101351853,fcrowdenov@godaddy.com,96159.82,2023-04-28,7414
Janeen Waltho,5700006741,jwalthop5@economist.com,108048.63,2023-04-20,7422
Frasco Ambler,21838850492,famblerm7@wordpress.com,152494.89,2023-04-20,7426
Tamma De Robertis,41506035976,tde0@ezinearticles.com,75269.48,2023-04-20,7436
Lynnell Risley,97356838752,lrisleyec@dropbox.com,100163.22,2023-04-20,7442
Waylin Pohls,92585022449,wpohls9d@networksolutions.com,61684.20,2023-04-21,7478
Haywood Berkowitz,94583733601,hberkowitz24@yellowbook.com,239279.04,2023-04-21,7480
Fields Catchpole,19580281260,fcatchpole3z@mapquest.com,61542.51,2023-04-21,7484
Katya Leamy,31854859771,kleamyeh@unicef.org,103680.20,2023-04-28,7489
Adamo Cardwell,31435143560,acardwello4@chron.com,153526.82,2023-04-27,7489
Cassie Swan,69199615346,cswaniz@foxnews.com,299235.89,2023-04-28,7494
Constanta Foley,27222232336,cfoley3u@list-manage.com,137712.86,2023-04-28,7497
Ros Gask,95332540150,rgask3p@wordpress.org,320157.21,2023-04-28,7499
Amery Tyas,7304905315,atyas2e@paypal.com,325224.74,2023-04-21,7500
Harlene Cleaves,88555083967,hcleavespp@issuu.com,121024.39,2023-04-20,7533
Katinka Belliss,88907509000,kbelliss9z@geocities.com,153656.34,2023-04-20,7534
Oran McKue,73282286335,omckueq3@squarespace.com,231344.66,2023-04-20,7538
Gillan Disbury,24608150285,gdisburyik@ifeng.com,126007.97,2023-04-20,7551
Florenza Boorer,40322946486,fboorerf6@cornell.edu,262888.64,2023-04-21,7583
Thoma Benjefield,28129033237,tbenjefieldbx@ted.com,12380.10,2023-04-28,7597
Durward Toohey,28727148188,dtooheyl6@hhs.gov,122912.03,2023-04-21,7598
Carolann Caplin,11124541729,ccaplinhd@howstuffworks.com,248271.59,2023-04-27,7601
Linc Charlewood,42009649131,lcharlewoodf7@economist.com,87651.18,2023-04-21,7609
Kahaleel Hedgeley,76449896386,khedgeley1y@symantec.com,223262.14,2023-04-27,7613
Mitzi Bullocke,56920391980,mbullocke1w@weibo.com,23493.91,2023-04-28,7614
Sibley Tilburn,58341930041,stilburn4@multiply.com,86755.53,2023-04-28,7641
Lorain Lashmar,19067896799,llashmarmi@howstuffworks.com,222088.83,2023-04-20,7652
Web Umpleby,26074917504,wumplebya1@usnews.com,314606.02,2023-04-27,7657
Ashby Klezmski,6537993825,aklezmskic9@marketwatch.com,118938.22,2023-04-28,7659
Fenelia Richings,59874591878,frichingsdd@baidu.com,265883.26,2023-04-28,7661
Coletta Baden,83759053104,cbaden8e@webs.com,292778.09,2023-04-20,7692
Patsy Maccaddie,19885293260,pmaccaddieo3@prlog.org,163874.83,2023-04-21,7693
Riccardo Tett,29536932186,rtett39@ebay.co.uk,156503.81,2023-04-28,7695
Emmaline Gifkins,96468747195,egifkins6i@netlog.com,276563.25,2023-04-28,7698
Kennith Castellani,51134820404,kcastellani9l@weather.com,4010.83,2023-04-21,7704
Isis Powner,68788998036,ipownerin@admin.ch,224726.84,2023-04-20,7705
Olivette Parkinson,25513486471,oparkinson9@hexun.com,221020.36,2023-04-27,7711
Merrill Cackett,52759483357,mcackett6z@odnoklassniki.ru,55929.94,2023-04-27,7711
Gerianna Winfield,76617539175,gwinfieldef@ucoz.com,46306.13,2023-04-28,7730
Juli Swapp,59989715598,jswapp93@yellowbook.com,204850.54,2023-04-28,7748
Alika Brinded,39969252204,abrindedih@creativecommons.org,44192.85,2023-04-28,7756
Abigail Welford,53744415636,awelfordix@unicef.org,194086.65,2023-04-21,7756
Georgiana Gonneau,6704060369,ggonneau82@smh.com.au,105349.93,2023-04-27,7757
Kayla Pirdy,61563288440,kpirdy3@spotify.com,284132.56,2023-04-28,7759
Amy Valentim,62225973775,avalentimju@nyu.edu,332675.82,2023-04-21,7763
Nicholle Weir,92689280814,nweirmp@admin.ch,172981.61,2023-04-21,7770
Kalina McGlaud,6281288526,kmcglaud5a@amazon.com,61952.76,2023-04-21,7778
Abra Jeanon,83655243717,ajeanonap@marriott.com,140835.85,2023-04-28,7780
Magdalene Henbury,81211332140,mhenburypj@surveymonkey.com,18926.31,2023-04-27,7803
Ola Durrant,3478041953,odurrantfs@webnode.com,217762.37,2023-04-27,7805
Fawne Corder,72563567200,fcorderhu@thetimes.co.uk,287101.12,2023-04-27,7809
Paulita De Normanville,51090828582,pdecc@myspace.com,87679.55,2023-04-20,7813
Gretta Stonhard,43057206408,gstonhardfw@usgs.gov,331106.56,2023-04-21,7820
Miguel Feighney,62266485042,mfeighneyi3@adobe.com,8260.92,2023-04-28,7828
Pen Hamnett,8177337363,phamnetti1@istockphoto.com,200674.19,2023-04-27,7832
Rochella Kirmond,15761965878,rkirmondkk@craigslist.org,326746.49,2023-04-28,7855
Norry Krojn,96099291664,nkrojnib@stumbleupon.com,118747.04,2023-04-27,7862
Catharine Kimbrough,13326180221,ckimbroughpa@hubpages.com,270960.54,2023-04-28,7868
Hedvige Duckett,95664656215,hduckettbh@i2i.jp,80020.97,2023-04-21,7872
Pepito Yanshin,7303959690,pyanshinag@dropbox.com,276607.73,2023-04-27,7882
Wright Dagworthy,59186847638,wdagworthyd7@qq.com,159051.00,2023-04-20,7885
Alethea Studdal,62579033554,astuddalio@exblog.jp,315232.43,2023-04-27,7895
Shawnee Schachter,64934644707,sschachterdk@google.fr,35064.62,2023-04-28,7903
Grenville Harrhy,10629710826,gharrhy1q@plala.or.jp,91253.09,2023-04-21,7905
Jocelyne Boise,58331160306,jboisel@ustream.tv,212715.17,2023-04-28,7919
Gib Gircke,19692023491,ggircke5i@mapquest.com,33027.81,2023-04-27,7933
Marga Testro,24926021855,mtestro7v@artisteer.com,145095.79,2023-04-21,7955
Annemarie Middleditch,76101670975,amiddleditchgo@uol.com.br,95547.02,2023-04-21,7956
Noelani Yousef,64967821669,nyousefkd@usgs.gov,222121.06,2023-04-20,7968
Hanny Rosbottom,69711101601,hrosbottomd0@nba.com,103214.89,2023-04-27,7977
Paddie Tricker,49812038752,ptrickercl@ustream.tv,177676.39,2023-04-21,7987
Jeanna Ghelardi,91122596823,jghelardia3@whitehouse.gov,7475.91,2023-04-28,7996
Jolynn Heustice,84244231573,jheusticegz@bravesites.com,130260.97,2023-04-20,8002
Huey Renfree,81552438819,hrenfreel4@xrea.com,296756.85,2023-04-28,8002
Dunc Whiteley,66457977172,dwhiteleyez@ycombinator.com,286017.42,2023-04-21,8031
Adler Peare,38791285406,apearem6@narod.ru,98698.02,2023-04-28,8031
Delores Extal,23724960362,dextal44@studiopress.com,136489.93,2023-04-21,8032
Tull Burney,85402005911,tburneydx@ft.com,331315.72,2023-04-28,8039
Bram Dunk,47256692863,bdunkg0@edublogs.org,16712.51,2023-04-27,8045
Ann Mullane,42412296348,amullane4w@hatena.ne.jp,39587.61,2023-04-28,8046
Ruperta Witherington,80075698639,rwitheringtoneq@blogtalkradio.com,165563.75,2023-04-21,8066
Cecil Lisciardelli,57392588829,clisciardelli1s@cargocollective.com,278834.71,2023-04-21,8077
Saree Ghidotti,33598688687,sghidottip7@ustream.tv,180520.92,2023-04-21,8077
Doro Mosedall,5166532278,dmosedall4j@themeforest.net,263585.66,2023-04-20,8081
Agretha Saxby,84853856072,asaxby86@homestead.com,172885.13,2023-04-27,8094
Bernardina Elcocks,18065453429,belcocksfj@ameblo.jp,175675.13,2023-04-27,8096
Norina Bertl,11005513580,nbertlpn@comcast.net,191258.44,2023-04-21,8106
Geoff O'Fallone,79444235750,gofallonecn@surveymonkey.com,42051.89,2023-04-28,8108
Toinette Dummett,77815381980,tdummett9t@deviantart.com,179270.12,2023-04-20,8112
Quentin Rapo,19720287790,qraponl@cnbc.com,294071.21,2023-04-27,8114
Querida Boame,14594445951,qboamek7@ehow.com,310085.15,2023-04-21,8118
Bancroft Brayn,39671869223,bbrayn7@army.mil,91227.65,2023-04-28,8126
Hermina Skirling,22912104998,hskirlingqd@comsenz.com,222801.61,2023-04-20,8146
Genia Wylder,96381161340,gwylderne@nifty.com,319566.14,2023-04-20,8156
Cordell Tooker,73665685935,ctookerdw@who.int,82915.47,2023-04-21,8170
Roselin Chatell,28650808571,rchatellqy@ehow.com,177508.34,2023-04-27,8189
Sasha Toppes,57560372704,stoppes6x@bandcamp.com,51465.22,2023-04-20,8194
Ginnifer Greasley,63626067412,ggreasleyrq@marriott.com,307804.83,2023-04-28,8195
Wilfrid Meedendorpe,6388477624,wmeedendorpe7e@wp.com,119791.86,2023-04-21,8199
Catherine Kaliszewski,62552203354,ckaliszewskied@ftc.gov,120681.60,2023-04-20,8207
Quintina Dorran,2229636955,qdorrankw@unblog.fr,150855.86,2023-04-21,8227
Vi Abdie,41563116209,vabdiej1@yolasite.com,356.26,2023-04-28,8243
Raddie Burchmore,72275429533,rburchmorekg@google.com.au,259575.39,2023-04-27,8248
Saxon Dundredge,85122678009,sdundredgem9@shareasale.com,31584.60,2023-04-27,8254
Alric Whiteside,59541371128,awhiteside21@ucoz.ru,136486.10,2023-04-21,8283
Winona O'Sullivan,15431723072,wosullivan2n@51.la,55649.27,2023-04-28,8290
Curtis Hawksworth,31126519011,chawksworth5x@nih.gov,148715.66,2023-04-20,8293
Shea O'Heffernan,16939103325,soheffernanfb@skyrock.com,182422.62,2023-04-20,8302
Luigi Lisciandro,99571171393,llisciandrogc@t.co,241160.19,2023-04-21,8304
Patsy Bexon,53386524714,pbexonq5@examiner.com,302928.14,2023-04-28,8314
Kayla Profit,20536659784,kprofitp3@xinhuanet.com,253661.71,2023-04-20,8334
Adair Pauling,10353459905,apaulingji@buzzfeed.com,239136.97,2023-04-21,8336
Abey Llewellen,59524968553,allewellen7z@archive.org,22556.54,2023-04-21,8368
Montague Grishkov,93042169772,mgrishkov77@soup.io,163630.11,2023-04-28,8381
Natasha Mackerel,73434648943,nmackerel4f@google.com.br,314068.56,2023-04-20,8396
Cynde Clabburn,71228669734,cclabburnbb@telegraph.co.uk,111668.76,2023-04-27,8420
Daisy Dohmer,59443264474,ddohmerjk@cisco.com,204652.98,2023-04-20,8448
Harcourt Indge,82995561797,hindgelq@blogtalkradio.com,285914.48,2023-04-28,8454
Ashley Colling,87608137721,acolling6w@npr.org,68849.80,2023-04-27,8499
Wilmar Kilbane,76209766110,wkilbaneam@google.es,165320.59,2023-04-20,8513
Catie Saltern,46422731754,csalternol@php.net,9041.83,2023-04-21,8519
Percival Matyukon,2994730974,pmatyukong5@va.gov,96202.02,2023-04-20,8547
Shari Skryne,87468114349,sskrynend@mtv.com,277133.77,2023-04-28,8558
Zoe Shard,37062940526,zshard8x@bravesites.com,280229.73,2023-04-20,8566
Muhammad Colomb,33168525199,mcolomb8c@guardian.co.uk,254234.47,2023-04-21,8570
Ginny Musker,14302726339,gmuskerrr@fc2.com,35969.76,2023-04-20,8602
Koressa Crake,5990165806,kcrakemh@nytimes.com,310389.99,2023-04-20,8614
Jacobo Choldcroft,39435143550,jcholdcrofta0@surveymonkey.com,50048.13,2023-04-21,8615
Lenee Shears,31879658567,lshearsfc@seesaa.net,288680.34,2023-04-21,8618
Idaline Walcot,2084550803,iwalcotjn@plala.or.jp,226210.32,2023-04-20,8637
Glynn Mallindine,10697878015,gmallindine4h@mapy.cz,204322.55,2023-04-21,8644
Mellisent Abdey,27006669171,mabdey3n@last.fm,236767.83,2023-04-28,8656
Bettye Polfer,69554167087,bpolfer6f@aol.com,13029.15,2023-04-20,8666
Victor Santore,44604784821,vsantorem@icq.com,246364.83,2023-04-27,8677
Jonell Southorn,54442269063,jsouthorn4p@tripod.com,283342.71,2023-04-21,8682
Hussein Rydeard,41118008561,hrydeardmb@slate.com,150101.65,2023-04-27,8683
Sisely Sadd,45515382371,ssaddpl@quantcast.com,89959.99,2023-04-21,8690
Brion Juste,68746295599,bjusteg9@newsvine.com,92757.57,2023-04-20,8702
Carleton Lenaghen,73633541793,clenaghenco@yelp.com,311780.72,2023-04-28,8705
Butch Batecok,91104628568,bbatecokm5@soup.io,90895.81,2023-04-21,8731
Thorny Spadazzi,44435615876,tspadazziat@answers.com,49235.47,2023-04-27,8745
Salomone Easom,59258566806,seasompr@toplist.cz,178409.82,2023-04-27,8751
Marnia Moro,77263618268,mmorob8@flavors.me,132768.64,2023-04-20,8756
Mohammed Pruce,7690403786,mprucekr@deliciousdays.com,141732.78,2023-04-27,8762
Ferrell Gregorowicz,89966814181,fgregorowicz6u@shutterfly.com,292634.18,2023-04-21,8767
Alexandrina Zohrer,60619451727,azohrerbd@blogs.com,232285.55,2023-04-20,8771
Gabie Flannery,62944483024,gflannery6e@wordpress.org,289216.67,2023-04-27,8783
Claudelle Sallnow,58400005567,csallnow9w@ucoz.com,331616.97,2023-04-27,8792
Liam Todaro,15157543384,ltodaro6p@go.com,151298.00,2023-04-28,8797
Heath Dekeyser,75511125717,hdekeyserng@europa.eu,130999.56,2023-04-21,8803
Shay McNee,97336711853,smcnee9v@tiny.cc,210711.32,2023-04-20,8804
Beale Roj,47982288580,brojb9@cloudflare.com,138378.70,2023-04-28,8807
Emmanuel Davydkov,38602214763,edavydkovif@gnu.org,78386.96,2023-04-27,8824
Sioux Kondratovich,78397629966,skondratovichl7@elpais.com,329126.82,2023-04-27,8836
Euell Beetham,95958026346,ebeetham19@fotki.com,92436.58,2023-04-27,8842
Wyatt Domico,52841615378,wdomicoho@timesonline.co.uk,118614.32,2023-04-21,8845
Marmaduke Frostdick,14101125033,mfrostdicke9@boston.com,189643.40,2023-04-28,8851
Beverie Husthwaite,14878083500,bhusthwaitem1@xrea.com,328979.00,2023-04-20,8851
Merrily Basset,24820872590,mbassetb2@accuweather.com,264550.56,2023-04-21,8864
Mireielle Jakubowski,58853391614,mjakubowskipd@bbb.org,75973.11,2023-04-21,8866
Darryl Thrussell,82654600342,dthrusselldv@yolasite.com,245659.09,2023-04-27,8871
Haily Stoffels,68590322818,hstoffelsmy@histats.com,143009.16,2023-04-28,8871
Fawn Jeanneau,81401889966,fjeanneau2k@mlb.com,298507.58,2023-04-27,8876
Goldarina Castelijn,58725663453,gcastelijnbc@princeton.edu,139722.05,2023-04-28,8878
Tanhya Yerrall,66174886259,tyerrallft@nature.com,186449.92,2023-04-21,8880
Maren Redmore,83496704857,mredmoredc@constantcontact.com,95457.64,2023-04-28,8890
Darya Road,6970149729,droadn3@pen.io,322894.68,2023-04-28,8900
Joellyn Sommerly,67375888164,jsommerly7a@smh.com.au,263153.92,2023-04-27,8903
Henriette Casoni,7611373065,hcasoni4c@comsenz.com,310118.48,2023-04-21,8907
Vernon Buesden,83805918312,vbuesdenjr@ted.com,297173.54,2023-04-20,8909
Elinore Justice,93450636698,ejustice2w@arstechnica.com,154088.89,2023-04-27,8915
Delainey Lismer,94388325556,dlismer1m@goodreads.com,81479.66,2023-04-27,8932
Kitti Slowly,66905351320,kslowlypw@51.la,228288.79,2023-04-20,8937
Casar Harverson,13414385602,charverson5g@hao123.com,164518.87,2023-04-27,8941
Loydie Massel,80551138488,lmasselfu@google.ru,154937.19,2023-04-28,8941
Jillian Ginley,82651796133,jginley3f@archive.org,283604.50,2023-04-28,8944
Daune Kitchin,91934754538,dkitchinn2@census.gov,2255.50,2023-04-27,8944
Ozzie Nucator,22795286653,onucatorh3@bandcamp.com,109889.95,2023-04-20,8948
Herc Haugeh,9707195106,hhaugeh9s@flavors.me,233447.96,2023-04-28,8959
Ronnie Beastall,96490991969,rbeastallp0@gizmodo.com,263674.45,2023-04-20,8960
Denny Terram,83034745330,dterram54@weather.com,17381.37,2023-04-28,8962
Lotta Harbage,75041700713,lharbage10@hatena.ne.jp,329500.04,2023-04-27,8967
Julianne Forker,80147785106,jforker8z@artisteer.com,286986.24,2023-04-27,8967
Kathye Dreus,75889571340,kdreus8l@answers.com,285461.90,2023-04-21,8982
Cammy Woliter,42412767152,cwoliterog@trellian.com,62313.46,2023-04-27,8987
Ennis Brundall,10635154432,ebrundall3a@dell.com,250386.96,2023-04-20,8989
Linda O'Shevlan,93029981139,loshevlanq8@dailymotion.com,38763.38,2023-04-28,8991
Cordell Ayshford,24232562017,cayshfordi@hao123.com,272288.62,2023-04-28,9017
Onofredo Mawby,71699781732,omawbyc3@amazon.co.uk,136130.89,2023-04-21,9027
Kalli Ashbe,84620008472,kashbehe@nature.com,130984.16,2023-04-21,9028
Wallace Troughton,55208164102,wtroughtonr9@craigslist.org,282156.72,2023-04-28,9066
Cynthie Coan,30543750512,ccoannp@google.fr,287393.99,2023-04-21,9069
Alexia MacGibbon,35698736161,amacgibbon2t@vimeo.com,123275.20,2023-04-27,9075
Flory Foard,34375884743,ffoardj9@mapquest.com,298473.61,2023-04-28,9083
Regan Brunsen,69136084063,rbrunsenlp@hibu.com,246640.33,2023-04-21,9103
Bailie Agge,41070870989,baggeqp@redcross.org,33076.75,2023-04-27,9134
Ian Rivers,598483113,iriversd3@patch.com,37458.58,2023-04-20,9140
Lynn Weine,59875648585,lweineky@so-net.ne.jp,49559.67,2023-04-20,9160
Ximenes Lunam,86746967734,xlunamok@seesaa.net,46143.23,2023-04-20,9162
Hyacinth Peabody,70497851949,hpeabodyls@fda.gov,257883.66,2023-04-28,9164
Thoma Driffill,21894389108,tdriffill56@hud.gov,285723.46,2023-04-27,9167
Diena Orgen,16182819644,dorgendn@abc.net.au,17986.22,2023-04-21,9174
Kakalina Murby,1824448372,kmurbypu@jimdo.com,144282.63,2023-04-21,9175
Vivienne Illwell,45499603766,villwellrn@etsy.com,55801.69,2023-04-27,9181
Kirsteni Cregeen,15018514098,kcregeenoq@about.me,192066.18,2023-04-28,9184
Alaric Tesoe,22579935938,atesoe8n@chronoengine.com,1532.83,2023-04-20,9195
Salomone Winstanley,19125686272,swinstanleyim@lycos.com,15997.21,2023-04-27,9197
Allie Klaaasen,19448968789,aklaaasenbv@house.gov,203947.60,2023-04-27,9204
Jorgan Pruce,53615913009,jpruceeu@youtube.com,324557.87,2023-04-21,9211
Gareth Vaggs,1250488772,gvaggs1c@hibu.com,199186.16,2023-04-21,9224
Sayers Szapiro,46589959765,sszapiro3m@google.co.uk,109920.30,2023-04-28,9230
Cordie Oleksiak,5245088308,coleksiaknf@elpais.com,230493.55,2023-04-28,9238
Nikolaos Mitskevich,97834097686,nmitskevichb3@ycombinator.com,280155.03,2023-04-28,9245
Byran Alexsandrov,43277371590,balexsandrov34@mozilla.org,17777.81,2023-04-27,9257
Zilvia Leavey,52402028790,zleaveydm@aol.com,278154.16,2023-04-28,9262
Trish Humbert,51015739504,thumbertf9@msu.edu,42482.23,2023-04-20,9264
Arnaldo Olive,83908163809,aolivef1@npr.org,315031.22,2023-04-21,9270
Malvin Pablo,45101903676,mpablo2h@redcross.org,51791.23,2023-04-28,9284
Mersey Vannini,3473126535,mvanninif2@photobucket.com,70193.44,2023-04-21,9286
Farra Dashwood,78090001879,fdashwood91@qq.com,28573.98,2023-04-27,9298
Malina Tricker,21468999664,mtrickernu@webnode.com,209117.93,2023-04-21,9301
Kati Priddy,62841698888,kpriddy1z@craigslist.org,64806.03,2023-04-21,9304
Crissy Dowthwaite,36481604144,cdowthwaite3d@ask.com,305585.58,2023-04-21,9317
Rosco Digwood,3456698076,rdigwood9c@msn.com,154137.37,2023-04-27,9318
Emalee Gallager,34406432628,egallagernt@yolasite.com,182997.36,2023-04-28,9322
Jeffrey O'Rowane,63061973721,jorowaneaa@yellowbook.com,183632.27,2023-04-27,9324
Sheila Hounsom,88166157470,shounsomi8@addtoany.com,88269.61,2023-04-21,9330
Margarita Millwall,17895822592,mmillwall17@zdnet.com,173894.60,2023-04-20,9331
Morena Lipyeat,6673891133,mlipyeat3h@latimes.com,230823.43,2023-04-20,9349
Blaire Whyborne,92761368931,bwhyborneha@wikispaces.com,202873.01,2023-04-20,9370
Moishe Alennikov,78421460442,malennikov5d@noaa.gov,51730.74,2023-04-20,9378
Jacinthe Petofi,58172607967,jpetofi8y@bigcartel.com,33520.50,2023-04-28,9395
Taddeo Poznanski,91341109027,tpoznanskil9@archive.org,68117.29,2023-04-27,9396
Anneliese Sergeaunt,90703585605,asergeauntcj@bloglovin.com,47710.69,2023-04-20,9399
Sue Lattin,62354275447,slattinlc@msu.edu,270757.28,2023-04-21,9401
Andy Klimmek,97308107413,aklimmekn4@ft.com,213147.57,2023-04-27,9421
Sheelagh Loudiane,66411217292,sloudianefn@ehow.com,294119.45,2023-04-20,9434
Katey Leeburn,46656868402,kleeburn6a@canalblog.com,282744.28,2023-04-21,9442
Forrest Poolman,94547353127,fpoolman4q@goo.gl,174367.63,2023-04-21,9448
Elliot Yoseloff,62156891532,eyoseloffci@salon.com,187263.38,2023-04-21,9459
Shalom Langthorne,91375084852,slangthorned1@mit.edu,4805.26,2023-04-21,9482
Karyn Fitt,44532211148,kfitt9u@paginegialle.it,213791.80,2023-04-27,9486
Dick Clayborn,10565958447,dclaybornmo@cisco.com,280458.07,2023-04-21,9486
Tiffy More,87125420284,tmore1k@xinhuanet.com,16589.42,2023-04-27,9493
Thatch Accomb,87172180758,taccombmq@discovery.com,305449.82,2023-04-21,9499
Melly McMylor,73268160471,mmcmylorjh@prnewswire.com,45212.16,2023-04-21,9501
Janaya Oene,72245130878,joeneah@unc.edu,98865.90,2023-04-20,9510
Janene Yakubovich,47533437967,jyakubovichca@biglobe.ne.jp,237822.47,2023-04-20,9531
Zacharias Fiddiman,35435537128,zfiddimano9@nhs.uk,263441.89,2023-04-28,9550
Gregorius Gogay,56088931704,ggogaygk@ftc.gov,258469.12,2023-04-27,9565
Virginia Aslen,68861911002,vaslenp2@buzzfeed.com,239477.33,2023-04-28,9574
Ralina Kindall,93197888122,rkindalljz@tinyurl.com,286377.50,2023-04-27,9580
Chico Halladay,74740441197,challadayu@over-blog.com,283297.26,2023-04-27,9593
Carly Sygrove,65073224059,csygrove5n@deliciousdays.com,264059.89,2023-04-27,9605
Annie Dunstone,84075635098,adunstoneh@unicef.org,12969.06,2023-04-21,9608
Elicia Bodycote,82787220915,ebodycotenh@bing.com,147087.27,2023-04-21,9620
Mona Vaughan-Hughes,71456990829,mvaughanhughes9p@princeton.edu,326453.88,2023-04-27,9623
Lucilia Abriani,17484232618,labrianijg@google.com.au,222193.20,2023-04-28,9626
Trevor Chasle,53261210195,tchasle4e@biblegateway.com,269686.18,2023-04-20,9632
Adriana Kendred,82516183329,akendred9x@java.com,193901.00,2023-04-28,9645
Nanon Halbeard,27533682872,nhalbeard7s@wikia.com,83622.47,2023-04-20,9648
Neille Sitlinton,99846254480,nsitlintonb7@quantcast.com,229770.23,2023-04-21,9653
Rinaldo Rakestraw,15985564923,rrakestrawbo@trellian.com,129204.95,2023-04-28,9671
Perry Buttrey,7549097063,pbuttrey95@typepad.com,116960.83,2023-04-20,9681
Bren Audrey,31080667114,baudreyf3@weibo.com,16225.43,2023-04-27,9689
Bret Artz,89292677016,bartz1a@npr.org,261153.12,2023-04-20,9691
Jeffie Seakin,1700232085,jseakindt@netlog.com,279395.62,2023-04-21,9709
Rodge Pidwell,14962446974,rpidwell15@illinois.edu,265658.12,2023-04-21,9739
Danila Brinkley,42970189865,dbrinkley2d@behance.net,173603.95,2023-04-20,9740
Tammy Clark,43758046270,tclarkcw@ovh.net,178388.83,2023-04-27,9761
Em Shelton,58886193237,esheltonnm@cbslocal.com,301944.09,2023-04-20,9764
Almeria Frostdicke,2966127097,afrostdickefd@aol.com,71190.44,2023-04-21,9768
Donnajean Skirving,37075041752,dskirvinggr@theatlantic.com,14340.16,2023-04-27,9774
Horten Stirrip,84689068120,hstirripb5@chronoengine.com,135001.39,2023-04-21,9791
Basilius Spillane,38111731553,bspillanera@umich.edu,319939.35,2023-04-21,9799
Binni Flann,24811533517,bflannd@wordpress.com,203513.27,2023-04-21,9803
Elena McHarry,66816172019,emcharryac@opensource.org,327911.36,2023-04-27,9819
Ophelie Ackermann,8133216763,oackermannjf@msn.com,130916.17,2023-04-28,9819
Dudley Towle,53150360440,dtowlecy@uol.com.br,227627.17,2023-04-20,9823
Bill Guirardin,73146413495,bguirardinab@mozilla.com,92705.83,2023-04-21,9834
Michele Corry,62564648611,mcorryc@deviantart.com,118127.83,2023-04-28,9857
Sarene Gooda,6398086028,sgoodabq@reddit.com,161312.66,2023-04-21,9865
Susanetta Wilcock,93228131471,swilcock7m@berkeley.edu,14138.30,2023-04-28,9866
Nerte Jaffrey,28000545107,njaffreyc2@msu.edu,157236.44,2023-04-20,9868
Christan Doggart,51628384915,cdoggartfy@amazon.co.uk,214974.69,2023-04-27,9872
Vivienne Skotcher,62840734846,vskotcherhz@vimeo.com,232433.59,2023-04-27,9881
Shaughn Flanigan,95824248883,sflanigan75@trellian.com,132254.75,2023-04-21,9895
Pietra Limpenny,63146381730,plimpenny1i@g.co,232223.47,2023-04-27,9897
Jessalyn Arch,17614689630,jarcha9@dion.ne.jp,72197.83,2023-04-21,9905
Nixie Terbeek,65805291997,nterbeeko1@guardian.co.uk,82995.03,2023-04-21,9907
Alexi Chinnock,87787448859,achinnock5j@bloomberg.com,167198.70,2023-04-20,9911
Cherie Cooch,71150764288,ccooch4g@wisc.edu,204157.96,2023-04-27,9933
Tasha Pentycost,34294085384,tpentycosti9@about.com,200533.78,2023-04-21,9936
Winifield Wilprecht,23925798015,wwilprechtqb@usda.gov,138833.73,2023-04-20,9946
Ellynn Grewes,88723119471,egrewesmu@shutterfly.com,303463.69,2023-04-27,9953
Dacia Shercliff,25820070549,dshercliff5s@uol.com.br,82670.36,2023-04-28,9959
Felice Lorriman,50094107809,florriman3x@acquirethisname.com,1620.11,2023-04-21,9965
Bernadine Stroyan,4606628759,bstroyan23@theguardian.com,282754.81,2023-04-27,9982
Ray Blenkharn,74742453910,rblenkharn25@yahoo.co.jp,161963.68,2023-04-28,9993
